-- MySQL dump 10.13  Distrib 8.0.20, for macos10.15 (x86_64)
--
-- Host: 127.0.0.1    Database: iot
-- ------------------------------------------------------
-- Server version	8.0.20

/*!40101 SET @OLD_CHARACTER_SET_CLIENT=@@CHARACTER_SET_CLIENT */;
/*!40101 SET @OLD_CHARACTER_SET_RESULTS=@@CHARACTER_SET_RESULTS */;
/*!40101 SET @OLD_COLLATION_CONNECTION=@@COLLATION_CONNECTION */;
/*!50503 SET NAMES utf8 */;
/*!40103 SET @OLD_TIME_ZONE=@@TIME_ZONE */;
/*!40103 SET TIME_ZONE='+00:00' */;
/*!40014 SET @OLD_UNIQUE_CHECKS=@@UNIQUE_CHECKS, UNIQUE_CHECKS=0 */;
/*!40014 SET @OLD_FOREIGN_KEY_CHECKS=@@FOREIGN_KEY_CHECKS, FOREIGN_KEY_CHECKS=0 */;
/*!40101 SET @OLD_SQL_MODE=@@SQL_MODE, SQL_MODE='NO_AUTO_VALUE_ON_ZERO' */;
/*!40111 SET @OLD_SQL_NOTES=@@SQL_NOTES, SQL_NOTES=0 */;

--
-- Table structure for table `CamBien`
--

DROP TABLE IF EXISTS `CamBien`;
/*!40101 SET @saved_cs_client     = @@character_set_client */;
/*!50503 SET character_set_client = utf8mb4 */;
CREATE TABLE `CamBien` (
  `idCamBien` int NOT NULL AUTO_INCREMENT,
  `nhietdo` int DEFAULT NULL,
  `doam` int DEFAULT NULL,
  `thoigian` varchar(100) DEFAULT NULL,
  `device` varchar(45) DEFAULT NULL,
  PRIMARY KEY (`idCamBien`)
) ENGINE=InnoDB AUTO_INCREMENT=1371 DEFAULT CHARSET=utf8mb4 COLLATE=utf8mb4_0900_ai_ci;
/*!40101 SET character_set_client = @saved_cs_client */;

--
-- Dumping data for table `CamBien`
--

LOCK TABLES `CamBien` WRITE;
/*!40000 ALTER TABLE `CamBien` DISABLE KEYS */;
INSERT INTO `CamBien` VALUES (789,60,72,'Fri Jun 19 2020 20:44:11 GMT+0700 (Indochina Time)','TempHumi '),(790,60,72,'Fri Jun 19 2020 20:44:42 GMT+0700 (Indochina Time)','TempHumi '),(791,60,72,'Fri Jun 19 2020 20:44:45 GMT+0700 (Indochina Time)','TempHumi '),(792,60,72,'Fri Jun 19 2020 20:46:16 GMT+0700 (Indochina Time)','TempHumi '),(793,60,72,'Fri Jun 19 2020 20:46:27 GMT+0700 (Indochina Time)','TempHumi '),(794,60,72,'Fri Jun 19 2020 20:52:26 GMT+0700 (Indochina Time)','TempHumi '),(795,60,72,'Fri Jun 19 2020 20:54:40 GMT+0700 (Indochina Time)','TempHumi '),(796,49,72,'Fri Jun 19 2020 20:54:40 GMT+0700 (Indochina Time)','TempHumi '),(797,30,72,'Fri Jun 19 2020 20:54:40 GMT+0700 (Indochina Time)','TempHumi '),(798,60,72,'Fri Jun 19 2020 20:54:40 GMT+0700 (Indochina Time)','TempHumi '),(799,60,72,'Fri Jun 19 2020 21:00:37 GMT+0700 (Indochina Time)','TempHumi '),(800,60,72,'Fri Jun 19 2020 21:00:49 GMT+0700 (Indochina Time)','TempHumi '),(801,60,72,'Fri Jun 19 2020 21:00:59 GMT+0700 (Indochina Time)','TempHumi '),(802,60,72,'Fri Jun 19 2020 21:01:02 GMT+0700 (Indochina Time)','TempHumi '),(803,60,72,'Fri Jun 19 2020 21:01:21 GMT+0700 (Indochina Time)','TempHumi '),(804,60,72,'Fri Jun 19 2020 21:01:26 GMT+0700 (Indochina Time)','TempHumi '),(805,60,72,'Fri Jun 19 2020 21:01:33 GMT+0700 (Indochina Time)','TempHumi '),(806,60,72,'Fri Jun 19 2020 21:02:55 GMT+0700 (Indochina Time)','TempHumi '),(807,60,72,'Fri Jun 19 2020 21:03:10 GMT+0700 (Indochina Time)','TempHumi '),(808,60,72,'Fri Jun 19 2020 21:03:14 GMT+0700 (Indochina Time)','TempHumi '),(809,60,72,'Fri Jun 19 2020 21:03:45 GMT+0700 (Indochina Time)','TempHumi '),(810,60,72,'Fri Jun 19 2020 21:03:51 GMT+0700 (Indochina Time)','TempHumi '),(811,60,72,'Fri Jun 19 2020 21:03:59 GMT+0700 (Indochina Time)','TempHumi '),(812,60,72,'Fri Jun 19 2020 21:04:07 GMT+0700 (Indochina Time)','TempHumi '),(813,60,72,'Fri Jun 19 2020 21:04:11 GMT+0700 (Indochina Time)','TempHumi '),(814,60,72,'Fri Jun 19 2020 21:04:14 GMT+0700 (Indochina Time)','TempHumi '),(815,60,72,'Fri Jun 19 2020 21:04:52 GMT+0700 (Indochina Time)','TempHumi '),(816,60,72,'Fri Jun 19 2020 21:04:53 GMT+0700 (Indochina Time)','TempHumi '),(817,60,72,'Fri Jun 19 2020 21:05:02 GMT+0700 (Indochina Time)','TempHumi '),(818,60,72,'Fri Jun 19 2020 21:05:44 GMT+0700 (Indochina Time)','TempHumi '),(819,60,72,'Fri Jun 19 2020 21:06:12 GMT+0700 (Indochina Time)','TempHumi '),(820,60,72,'Fri Jun 19 2020 21:06:23 GMT+0700 (Indochina Time)','TempHumi '),(821,60,72,'Fri Jun 19 2020 21:06:25 GMT+0700 (Indochina Time)','TempHumi '),(822,60,72,'Fri Jun 19 2020 21:06:28 GMT+0700 (Indochina Time)','TempHumi '),(823,60,72,'Fri Jun 19 2020 21:06:31 GMT+0700 (Indochina Time)','TempHumi '),(824,60,72,'Fri Jun 19 2020 21:06:33 GMT+0700 (Indochina Time)','TempHumi '),(825,60,72,'Fri Jun 19 2020 21:07:15 GMT+0700 (Indochina Time)','TempHumi '),(826,60,72,'Fri Jun 19 2020 21:07:18 GMT+0700 (Indochina Time)','TempHumi '),(827,60,72,'Fri Jun 19 2020 21:07:53 GMT+0700 (Indochina Time)','TempHumi '),(828,60,72,'Fri Jun 19 2020 21:08:13 GMT+0700 (Indochina Time)','TempHumi '),(829,60,72,'Fri Jun 19 2020 21:08:22 GMT+0700 (Indochina Time)','TempHumi '),(830,60,72,'Fri Jun 19 2020 21:08:27 GMT+0700 (Indochina Time)','TempHumi '),(831,60,72,'Fri Jun 19 2020 21:08:54 GMT+0700 (Indochina Time)','TempHumi '),(832,60,72,'Fri Jun 19 2020 21:08:55 GMT+0700 (Indochina Time)','TempHumi '),(833,60,72,'Fri Jun 19 2020 21:09:06 GMT+0700 (Indochina Time)','TempHumi '),(834,60,72,'Fri Jun 19 2020 21:09:14 GMT+0700 (Indochina Time)','TempHumi '),(835,60,72,'Fri Jun 19 2020 21:09:19 GMT+0700 (Indochina Time)','TempHumi '),(836,60,72,'Fri Jun 19 2020 21:09:23 GMT+0700 (Indochina Time)','TempHumi '),(837,60,72,'Fri Jun 19 2020 21:09:29 GMT+0700 (Indochina Time)','TempHumi '),(838,60,72,'Fri Jun 19 2020 21:09:32 GMT+0700 (Indochina Time)','TempHumi '),(839,60,72,'Fri Jun 19 2020 21:09:34 GMT+0700 (Indochina Time)','TempHumi '),(840,60,72,'Fri Jun 19 2020 21:09:36 GMT+0700 (Indochina Time)','TempHumi '),(841,60,72,'Fri Jun 19 2020 21:09:54 GMT+0700 (Indochina Time)','TempHumi '),(842,60,72,'Fri Jun 19 2020 21:10:16 GMT+0700 (Indochina Time)','TempHumi '),(843,60,72,'Fri Jun 19 2020 21:10:19 GMT+0700 (Indochina Time)','TempHumi '),(844,60,72,'Fri Jun 19 2020 21:14:03 GMT+0700 (Indochina Time)','TempHumi '),(845,60,72,'Fri Jun 19 2020 21:14:05 GMT+0700 (Indochina Time)','TempHumi '),(846,60,72,'Fri Jun 19 2020 21:14:08 GMT+0700 (Indochina Time)','TempHumi '),(847,60,72,'Fri Jun 19 2020 21:14:09 GMT+0700 (Indochina Time)','TempHumi '),(848,60,72,'Fri Jun 19 2020 21:15:48 GMT+0700 (Indochina Time)','TempHumi '),(849,60,72,'Fri Jun 19 2020 21:15:56 GMT+0700 (Indochina Time)','TempHumi '),(850,60,72,'Fri Jun 19 2020 21:16:04 GMT+0700 (Indochina Time)','TempHumi '),(851,60,72,'Fri Jun 19 2020 21:16:15 GMT+0700 (Indochina Time)','TempHumi '),(852,60,72,'Fri Jun 19 2020 21:17:19 GMT+0700 (Indochina Time)','TempHumi '),(853,60,72,'Fri Jun 19 2020 21:17:20 GMT+0700 (Indochina Time)','TempHumi '),(854,60,72,'Fri Jun 19 2020 21:19:56 GMT+0700 (Indochina Time)','TempHumi '),(855,60,72,'Fri Jun 19 2020 21:20:12 GMT+0700 (Indochina Time)','TempHumi '),(856,60,72,'Fri Jun 19 2020 21:20:15 GMT+0700 (Indochina Time)','TempHumi '),(857,60,72,'Fri Jun 19 2020 21:20:26 GMT+0700 (Indochina Time)','TempHumi '),(858,60,72,'Fri Jun 19 2020 21:20:34 GMT+0700 (Indochina Time)','TempHumi '),(859,60,72,'Fri Jun 19 2020 21:25:17 GMT+0700 (Indochina Time)','TempHumi '),(860,60,72,'Fri Jun 19 2020 21:25:44 GMT+0700 (Indochina Time)','TempHumi '),(861,60,72,'Fri Jun 19 2020 21:25:48 GMT+0700 (Indochina Time)','TempHumi '),(862,60,72,'Fri Jun 19 2020 21:25:51 GMT+0700 (Indochina Time)','TempHumi '),(863,60,72,'Fri Jun 19 2020 21:25:53 GMT+0700 (Indochina Time)','TempHumi '),(864,60,72,'Fri Jun 19 2020 21:26:03 GMT+0700 (Indochina Time)','TempHumi '),(865,60,72,'Fri Jun 19 2020 21:26:05 GMT+0700 (Indochina Time)','TempHumi '),(866,60,72,'Fri Jun 19 2020 21:26:06 GMT+0700 (Indochina Time)','TempHumi '),(867,60,72,'Fri Jun 19 2020 21:26:08 GMT+0700 (Indochina Time)','TempHumi '),(868,60,72,'Fri Jun 19 2020 21:26:33 GMT+0700 (Indochina Time)','TempHumi '),(869,60,72,'Fri Jun 19 2020 21:26:55 GMT+0700 (Indochina Time)','TempHumi '),(870,60,72,'Fri Jun 19 2020 21:27:04 GMT+0700 (Indochina Time)','TempHumi '),(871,60,72,'Fri Jun 19 2020 21:30:29 GMT+0700 (Indochina Time)','TempHumi '),(872,60,72,'Fri Jun 19 2020 21:30:32 GMT+0700 (Indochina Time)','TempHumi '),(873,60,72,'Fri Jun 19 2020 21:53:04 GMT+0700 (Indochina Time)','TempHumi '),(874,60,72,'Fri Jun 19 2020 21:53:14 GMT+0700 (Indochina Time)','TempHumi '),(875,60,72,'Fri Jun 19 2020 21:53:23 GMT+0700 (Indochina Time)','TempHumi '),(876,60,72,'Fri Jun 19 2020 21:53:46 GMT+0700 (Indochina Time)','TempHumi '),(877,60,72,'Fri Jun 19 2020 21:53:57 GMT+0700 (Indochina Time)','TempHumi '),(878,60,72,'Fri Jun 19 2020 21:54:07 GMT+0700 (Indochina Time)','TempHumi '),(879,60,72,'Fri Jun 19 2020 21:56:36 GMT+0700 (Indochina Time)','TempHumi '),(880,10,72,'Fri Jun 19 2020 21:56:36 GMT+0700 (Indochina Time)','TempHumi '),(881,10,72,'Fri Jun 19 2020 21:56:36 GMT+0700 (Indochina Time)','TempHumi '),(882,60,72,'Fri Jun 19 2020 21:58:49 GMT+0700 (Indochina Time)','TempHumi '),(883,60,72,'Fri Jun 19 2020 21:58:57 GMT+0700 (Indochina Time)','TempHumi '),(884,60,72,'Fri Jun 19 2020 21:59:00 GMT+0700 (Indochina Time)','TempHumi '),(885,60,72,'Fri Jun 19 2020 21:59:02 GMT+0700 (Indochina Time)','TempHumi '),(886,60,72,'Fri Jun 19 2020 21:59:05 GMT+0700 (Indochina Time)','TempHumi '),(887,60,72,'Fri Jun 19 2020 21:59:09 GMT+0700 (Indochina Time)','TempHumi '),(888,60,72,'Fri Jun 19 2020 21:59:13 GMT+0700 (Indochina Time)','TempHumi '),(889,60,72,'Fri Jun 19 2020 21:59:16 GMT+0700 (Indochina Time)','TempHumi '),(890,10,72,'Fri Jun 19 2020 21:59:16 GMT+0700 (Indochina Time)','TempHumi '),(891,60,72,'Fri Jun 19 2020 21:59:54 GMT+0700 (Indochina Time)','TempHumi '),(892,60,72,'Fri Jun 19 2020 22:00:02 GMT+0700 (Indochina Time)','TempHumi '),(893,60,72,'Fri Jun 19 2020 22:00:15 GMT+0700 (Indochina Time)','TempHumi '),(894,60,72,'Fri Jun 19 2020 22:01:52 GMT+0700 (Indochina Time)','TempHumi '),(895,60,72,'Fri Jun 19 2020 22:01:53 GMT+0700 (Indochina Time)','TempHumi '),(896,60,72,'Fri Jun 19 2020 22:02:19 GMT+0700 (Indochina Time)','TempHumi '),(897,60,72,'Fri Jun 19 2020 22:02:27 GMT+0700 (Indochina Time)','TempHumi '),(898,60,72,'Fri Jun 19 2020 22:02:29 GMT+0700 (Indochina Time)','TempHumi '),(899,10,72,'Fri Jun 19 2020 22:02:29 GMT+0700 (Indochina Time)','TempHumi '),(900,10,72,'Fri Jun 19 2020 22:02:29 GMT+0700 (Indochina Time)','TempHumi '),(901,40,72,'Fri Jun 19 2020 22:02:29 GMT+0700 (Indochina Time)','TempHumi '),(902,60,72,'Sat Jun 20 2020 12:55:47 GMT+0700 (Indochina Time)','TempHumi '),(903,60,72,'Sat Jun 20 2020 13:03:51 GMT+0700 (Indochina Time)','TempHumi '),(904,60,72,'Sat Jun 20 2020 13:03:52 GMT+0700 (Indochina Time)','TempHumi '),(905,60,72,'Sat Jun 20 2020 13:03:55 GMT+0700 (Indochina Time)','TempHumi '),(906,60,72,'Sat Jun 20 2020 13:04:04 GMT+0700 (Indochina Time)','TempHumi '),(907,60,72,'Sat Jun 20 2020 13:04:10 GMT+0700 (Indochina Time)','TempHumi '),(908,60,72,'Sat Jun 20 2020 13:04:13 GMT+0700 (Indochina Time)','TempHumi '),(909,60,72,'Sat Jun 20 2020 13:04:17 GMT+0700 (Indochina Time)','TempHumi '),(910,31,68,'Sat Jun 20 2020 13:04:26 GMT+0700 (Indochina Time)','TempHumi '),(911,31,68,'Sat Jun 20 2020 13:04:26 GMT+0700 (Indochina Time)','TempHumi '),(912,31,68,'Sat Jun 20 2020 13:05:08 GMT+0700 (Indochina Time)','TempHumi '),(913,32,67,'Sat Jun 20 2020 13:06:12 GMT+0700 (Indochina Time)','TempHumi '),(914,30,50,'Sat Jun 20 2020 13:06:12 GMT+0700 (Indochina Time)','TempHumi '),(915,60,72,'Sat Jun 20 2020 13:06:47 GMT+0700 (Indochina Time)','TempHumi '),(916,60,72,'Sat Jun 20 2020 13:06:57 GMT+0700 (Indochina Time)','TempHumi '),(917,33,67,'Sat Jun 20 2020 13:07:08 GMT+0700 (Indochina Time)','TempHumi '),(918,31,67,'Sat Jun 20 2020 13:14:05 GMT+0700 (Indochina Time)','TempHumi '),(919,31,67,'Sat Jun 20 2020 13:14:05 GMT+0700 (Indochina Time)','TempHumi '),(920,33,66,'Sat Jun 20 2020 13:14:05 GMT+0700 (Indochina Time)','TempHumi '),(921,34,67,'Sat Jun 20 2020 13:14:05 GMT+0700 (Indochina Time)','TempHumi '),(922,31,66,'Sat Jun 20 2020 13:14:05 GMT+0700 (Indochina Time)','TempHumi '),(923,34,66,'Sat Jun 20 2020 13:14:05 GMT+0700 (Indochina Time)','TempHumi '),(924,33,66,'Sat Jun 20 2020 13:14:05 GMT+0700 (Indochina Time)','TempHumi '),(925,31,67,'Sat Jun 20 2020 13:14:05 GMT+0700 (Indochina Time)','TempHumi '),(926,34,66,'Sat Jun 20 2020 13:14:05 GMT+0700 (Indochina Time)','TempHumi '),(927,32,66,'Sat Jun 20 2020 13:14:05 GMT+0700 (Indochina Time)','TempHumi '),(928,32,67,'Sat Jun 20 2020 13:14:05 GMT+0700 (Indochina Time)','TempHumi '),(929,32,67,'Sat Jun 20 2020 13:15:54 GMT+0700 (Indochina Time)','TempHumi '),(930,32,67,'Sat Jun 20 2020 13:15:58 GMT+0700 (Indochina Time)','TempHumi '),(931,32,66,'Sat Jun 20 2020 13:15:58 GMT+0700 (Indochina Time)','TempHumi '),(932,32,66,'Sat Jun 20 2020 13:16:02 GMT+0700 (Indochina Time)','TempHumi '),(933,31,66,'Sat Jun 20 2020 13:16:02 GMT+0700 (Indochina Time)','TempHumi '),(934,31,66,'Sat Jun 20 2020 13:16:02 GMT+0700 (Indochina Time)','TempHumi '),(935,33,65,'Sat Jun 20 2020 13:16:02 GMT+0700 (Indochina Time)','TempHumi '),(936,33,65,'Sat Jun 20 2020 13:16:02 GMT+0700 (Indochina Time)','TempHumi '),(937,31,66,'Sat Jun 20 2020 13:16:02 GMT+0700 (Indochina Time)','TempHumi '),(938,60,72,'Mon Jun 22 2020 15:12:10 GMT+0700 (Indochina Time)','TempHumi '),(939,60,72,'Sun Jun 28 2020 19:38:50 GMT+0700 (Indochina Time)','TempHumi '),(940,60,72,'Sun Jun 28 2020 19:39:29 GMT+0700 (Indochina Time)','TempHumi '),(941,60,72,'Sun Jun 28 2020 19:40:06 GMT+0700 (Indochina Time)','TempHumi '),(942,60,72,'Sun Jun 28 2020 19:40:36 GMT+0700 (Indochina Time)','TempHumi '),(943,30,72,'Sun Jun 28 2020 19:40:36 GMT+0700 (Indochina Time)','TempHumi '),(944,60,72,'Sun Jun 28 2020 19:45:38 GMT+0700 (Indochina Time)','TempHumi '),(945,60,72,'Sun Jun 28 2020 19:45:56 GMT+0700 (Indochina Time)','TempHumi '),(946,60,72,'Sun Jun 28 2020 19:47:17 GMT+0700 (Indochina Time)','TempHumi '),(947,60,72,'Sun Jun 28 2020 19:48:17 GMT+0700 (Indochina Time)','TempHumi '),(948,60,72,'Sun Jun 28 2020 19:48:40 GMT+0700 (Indochina Time)','TempHumi '),(949,60,72,'Sun Jun 28 2020 19:49:06 GMT+0700 (Indochina Time)','TempHumi '),(950,60,72,'Sun Jun 28 2020 19:49:14 GMT+0700 (Indochina Time)','TempHumi '),(951,60,72,'Sun Jun 28 2020 19:49:18 GMT+0700 (Indochina Time)','TempHumi '),(952,60,72,'Sun Jun 28 2020 19:50:03 GMT+0700 (Indochina Time)','TempHumi '),(953,30,72,'Sun Jun 28 2020 19:50:03 GMT+0700 (Indochina Time)','TempHumi '),(954,60,72,'Sun Jun 28 2020 19:50:27 GMT+0700 (Indochina Time)','TempHumi '),(955,30,72,'Sun Jun 28 2020 19:50:27 GMT+0700 (Indochina Time)','TempHumi '),(956,60,72,'Sun Jun 28 2020 19:55:04 GMT+0700 (Indochina Time)','TempHumi '),(957,60,72,'Sun Jun 28 2020 19:55:15 GMT+0700 (Indochina Time)','TempHumi '),(958,30,72,'Sun Jun 28 2020 19:55:15 GMT+0700 (Indochina Time)','TempHumi '),(959,60,72,'Sun Jun 28 2020 19:56:05 GMT+0700 (Indochina Time)','TempHumi '),(960,30,72,'Sun Jun 28 2020 19:56:05 GMT+0700 (Indochina Time)','TempHumi '),(961,60,72,'Sun Jun 28 2020 19:56:25 GMT+0700 (Indochina Time)','TempHumi '),(962,60,72,'Sun Jun 28 2020 19:56:32 GMT+0700 (Indochina Time)','TempHumi '),(963,60,72,'Sun Jun 28 2020 20:01:24 GMT+0700 (Indochina Time)','TempHumi '),(964,60,72,'Sun Jun 28 2020 20:01:38 GMT+0700 (Indochina Time)','TempHumi '),(965,60,72,'Sun Jun 28 2020 20:02:40 GMT+0700 (Indochina Time)','TempHumi '),(966,60,72,'Sun Jun 28 2020 20:03:49 GMT+0700 (Indochina Time)','TempHumi '),(967,60,72,'Sun Jun 28 2020 20:04:20 GMT+0700 (Indochina Time)','TempHumi '),(968,60,72,'Sun Jun 28 2020 20:04:55 GMT+0700 (Indochina Time)','TempHumi '),(969,60,72,'Sun Jun 28 2020 20:06:09 GMT+0700 (Indochina Time)','TempHumi '),(970,60,72,'Sun Jun 28 2020 20:06:12 GMT+0700 (Indochina Time)','TempHumi '),(971,60,72,'Sun Jun 28 2020 20:06:16 GMT+0700 (Indochina Time)','TempHumi '),(972,60,72,'Sun Jun 28 2020 20:06:38 GMT+0700 (Indochina Time)','TempHumi '),(973,60,72,'Sun Jun 28 2020 20:06:47 GMT+0700 (Indochina Time)','TempHumi '),(974,60,72,'Sun Jun 28 2020 20:06:52 GMT+0700 (Indochina Time)','TempHumi '),(975,60,72,'Sun Jun 28 2020 20:07:01 GMT+0700 (Indochina Time)','TempHumi '),(976,60,72,'Sun Jun 28 2020 20:10:23 GMT+0700 (Indochina Time)','TempHumi '),(977,60,72,'Sun Jun 28 2020 20:13:55 GMT+0700 (Indochina Time)','TempHumi '),(978,60,72,'Sun Jun 28 2020 20:14:05 GMT+0700 (Indochina Time)','TempHumi '),(979,60,72,'Sun Jun 28 2020 20:18:24 GMT+0700 (Indochina Time)','TempHumi '),(980,60,72,'Sun Jun 28 2020 20:21:33 GMT+0700 (Indochina Time)','TempHumi '),(981,60,72,'Sun Jun 28 2020 20:21:49 GMT+0700 (Indochina Time)','TempHumi '),(982,60,72,'Sun Jun 28 2020 20:28:23 GMT+0700 (Indochina Time)','TempHumi '),(983,60,72,'Sun Jun 28 2020 20:29:02 GMT+0700 (Indochina Time)','TempHumi '),(984,60,72,'Sun Jun 28 2020 20:29:19 GMT+0700 (Indochina Time)','TempHumi '),(985,60,72,'Sun Jun 28 2020 20:29:28 GMT+0700 (Indochina Time)','TempHumi '),(986,60,72,'Mon Jul 06 2020 14:47:13 GMT+0700 (Indochina Time)','TempHumi '),(987,60,72,'Mon Jul 06 2020 14:48:14 GMT+0700 (Indochina Time)','TempHumi '),(988,60,72,'Mon Jul 06 2020 14:49:05 GMT+0700 (Indochina Time)','TempHumi '),(989,60,72,'Mon Jul 06 2020 14:53:11 GMT+0700 (Indochina Time)','TempHumi '),(990,60,72,'Mon Jul 06 2020 14:53:58 GMT+0700 (Indochina Time)','TempHumi '),(991,60,72,'Mon Jul 06 2020 14:54:23 GMT+0700 (Indochina Time)','TempHumi '),(992,60,72,'Mon Jul 06 2020 14:54:42 GMT+0700 (Indochina Time)','TempHumi '),(993,60,72,'Mon Jul 06 2020 14:55:09 GMT+0700 (Indochina Time)','TempHumi '),(994,60,72,'Mon Jul 06 2020 14:55:41 GMT+0700 (Indochina Time)','TempHumi '),(995,60,72,'Mon Jul 06 2020 14:56:12 GMT+0700 (Indochina Time)','TempHumi '),(996,60,72,'Mon Jul 06 2020 14:56:26 GMT+0700 (Indochina Time)','TempHumi '),(997,60,72,'Mon Jul 06 2020 14:56:52 GMT+0700 (Indochina Time)','TempHumi '),(998,60,72,'Mon Jul 06 2020 14:56:53 GMT+0700 (Indochina Time)','TempHumi '),(999,60,72,'Mon Jul 06 2020 14:57:14 GMT+0700 (Indochina Time)','TempHumi '),(1000,60,72,'Mon Jul 06 2020 15:04:34 GMT+0700 (Indochina Time)','TempHumi '),(1001,30,72,'Mon Jul 06 2020 15:04:34 GMT+0700 (Indochina Time)','TempHumi '),(1002,65,72,'Mon Jul 06 2020 15:04:34 GMT+0700 (Indochina Time)','TempHumi '),(1003,60,72,'Mon Jul 06 2020 15:57:27 GMT+0700 (Indochina Time)','TempHumi '),(1004,60,72,'Mon Jul 06 2020 16:00:08 GMT+0700 (Indochina Time)','TempHumi '),(1005,60,72,'Mon Jul 06 2020 16:00:33 GMT+0700 (Indochina Time)','TempHumi '),(1006,60,72,'Mon Jul 06 2020 16:00:50 GMT+0700 (Indochina Time)','TempHumi '),(1007,60,72,'Mon Jul 06 2020 16:01:07 GMT+0700 (Indochina Time)','TempHumi '),(1008,60,72,'Mon Jul 06 2020 16:01:11 GMT+0700 (Indochina Time)','TempHumi '),(1009,60,72,'Mon Jul 06 2020 16:01:25 GMT+0700 (Indochina Time)','TempHumi '),(1010,60,72,'Mon Jul 06 2020 16:01:42 GMT+0700 (Indochina Time)','TempHumi '),(1011,60,72,'Mon Jul 06 2020 16:01:44 GMT+0700 (Indochina Time)','TempHumi '),(1012,60,72,'Mon Jul 06 2020 16:01:47 GMT+0700 (Indochina Time)','TempHumi '),(1013,60,72,'Mon Jul 06 2020 16:01:57 GMT+0700 (Indochina Time)','TempHumi '),(1014,60,72,'Mon Jul 06 2020 16:02:23 GMT+0700 (Indochina Time)','TempHumi '),(1015,60,72,'Mon Jul 06 2020 16:02:28 GMT+0700 (Indochina Time)','TempHumi '),(1016,60,72,'Mon Jul 06 2020 16:02:32 GMT+0700 (Indochina Time)','TempHumi '),(1017,60,72,'Mon Jul 06 2020 16:04:35 GMT+0700 (Indochina Time)','TempHumi '),(1018,60,72,'Mon Jul 06 2020 16:04:49 GMT+0700 (Indochina Time)','TempHumi '),(1019,60,72,'Mon Jul 06 2020 16:04:51 GMT+0700 (Indochina Time)','TempHumi '),(1020,10,72,'Mon Jul 06 2020 16:04:51 GMT+0700 (Indochina Time)','TempHumi '),(1021,60,72,'Mon Jul 06 2020 16:11:35 GMT+0700 (Indochina Time)','TempHumi '),(1022,9,72,'Mon Jul 06 2020 16:11:35 GMT+0700 (Indochina Time)','TempHumi '),(1023,60,72,'Sun Jul 19 2020 21:29:30 GMT+0700 (Indochina Time)','TempHumi '),(1024,60,72,'Sun Jul 19 2020 23:21:35 GMT+0700 (Indochina Time)','TempHumi '),(1025,60,72,'Sun Jul 19 2020 23:26:23 GMT+0700 (Indochina Time)','TempHumi '),(1026,60,72,'Sun Jul 19 2020 23:26:27 GMT+0700 (Indochina Time)','TempHumi '),(1027,60,72,'Sun Jul 19 2020 23:26:33 GMT+0700 (Indochina Time)','TempHumi '),(1028,60,72,'Sun Jul 19 2020 23:26:47 GMT+0700 (Indochina Time)','TempHumi '),(1029,60,72,'Sun Jul 19 2020 23:26:51 GMT+0700 (Indochina Time)','TempHumi '),(1030,60,72,'Sun Jul 19 2020 23:28:04 GMT+0700 (Indochina Time)','TempHumi '),(1031,60,72,'Sun Jul 19 2020 23:28:31 GMT+0700 (Indochina Time)','TempHumi '),(1032,60,72,'Sun Jul 19 2020 23:28:50 GMT+0700 (Indochina Time)','TempHumi '),(1033,60,72,'Sun Jul 19 2020 23:28:51 GMT+0700 (Indochina Time)','TempHumi '),(1034,60,72,'Sun Jul 19 2020 23:29:55 GMT+0700 (Indochina Time)','TempHumi '),(1035,60,72,'Sun Jul 19 2020 23:30:31 GMT+0700 (Indochina Time)','TempHumi '),(1036,60,72,'Sun Jul 19 2020 23:30:32 GMT+0700 (Indochina Time)','TempHumi '),(1037,60,72,'Sun Jul 19 2020 23:30:34 GMT+0700 (Indochina Time)','TempHumi '),(1038,60,72,'Sun Jul 19 2020 23:30:46 GMT+0700 (Indochina Time)','TempHumi '),(1039,60,72,'Sun Jul 19 2020 23:30:58 GMT+0700 (Indochina Time)','TempHumi '),(1040,60,72,'Sun Jul 19 2020 23:31:23 GMT+0700 (Indochina Time)','TempHumi '),(1041,60,72,'Sun Jul 19 2020 23:31:26 GMT+0700 (Indochina Time)','TempHumi '),(1042,60,72,'Sun Jul 19 2020 23:31:32 GMT+0700 (Indochina Time)','TempHumi '),(1043,60,72,'Sun Jul 19 2020 23:31:49 GMT+0700 (Indochina Time)','TempHumi '),(1044,60,72,'Sun Jul 19 2020 23:59:50 GMT+0700 (Indochina Time)','TempHumi '),(1045,60,72,'Mon Jul 20 2020 00:00:47 GMT+0700 (Indochina Time)','TempHumi '),(1046,30,72,'Mon Jul 20 2020 00:00:47 GMT+0700 (Indochina Time)','TempHumi '),(1047,30,72,'Mon Jul 20 2020 00:00:47 GMT+0700 (Indochina Time)','TempHumi '),(1048,60,72,'Mon Jul 20 2020 00:39:09 GMT+0700 (Indochina Time)','TempHumi '),(1049,40,72,'Mon Jul 20 2020 00:39:09 GMT+0700 (Indochina Time)','TempHumi '),(1050,30,72,'Mon Jul 20 2020 00:39:09 GMT+0700 (Indochina Time)','TempHumi '),(1051,60,72,'Mon Jul 20 2020 01:22:52 GMT+0700 (Indochina Time)','TempHumi '),(1052,60,72,'Mon Jul 20 2020 01:23:03 GMT+0700 (Indochina Time)','TempHumi '),(1053,60,72,'Mon Jul 20 2020 01:23:05 GMT+0700 (Indochina Time)','TempHumi '),(1054,60,72,'Mon Jul 20 2020 01:23:08 GMT+0700 (Indochina Time)','TempHumi '),(1055,60,72,'Mon Jul 20 2020 01:23:11 GMT+0700 (Indochina Time)','TempHumi '),(1056,60,72,'Mon Jul 20 2020 01:23:16 GMT+0700 (Indochina Time)','TempHumi '),(1057,60,72,'Mon Jul 20 2020 01:23:18 GMT+0700 (Indochina Time)','TempHumi '),(1058,60,72,'Mon Jul 20 2020 01:23:22 GMT+0700 (Indochina Time)','TempHumi '),(1059,60,72,'Mon Jul 20 2020 01:25:16 GMT+0700 (Indochina Time)','TempHumi '),(1060,60,72,'Mon Jul 20 2020 01:25:18 GMT+0700 (Indochina Time)','TempHumi '),(1061,60,72,'Mon Jul 20 2020 01:25:36 GMT+0700 (Indochina Time)','TempHumi '),(1062,60,72,'Mon Jul 20 2020 01:25:39 GMT+0700 (Indochina Time)','TempHumi '),(1063,60,72,'Mon Jul 20 2020 01:27:33 GMT+0700 (Indochina Time)','TempHumi '),(1064,60,72,'Mon Jul 20 2020 03:32:39 GMT+0700 (Indochina Time)','TempHumi '),(1065,40,72,'Mon Jul 20 2020 03:32:39 GMT+0700 (Indochina Time)','TempHumi '),(1066,41,72,'Mon Jul 20 2020 03:32:39 GMT+0700 (Indochina Time)','TempHumi '),(1077,60,72,'Mon Jul 20 2020 22:23:49 GMT+0700 (Indochina Time)','TempHumi '),(1078,60,72,'Mon Jul 20 2020 22:23:59 GMT+0700 (Indochina Time)','TempHumi '),(1079,60,72,'Mon Jul 20 2020 23:11:26 GMT+0700 (Indochina Time)','TempHumi '),(1080,60,72,'Mon Jul 20 2020 23:21:44 GMT+0700 (Indochina Time)','TempHumi '),(1081,60,72,'Mon Jul 20 2020 23:22:59 GMT+0700 (Indochina Time)','TempHumi '),(1082,60,72,'Mon Jul 20 2020 23:44:20 GMT+0700 (Indochina Time)','TempHumi '),(1083,60,72,'Mon Jul 20 2020 23:44:28 GMT+0700 (Indochina Time)','TempHumi '),(1084,60,72,'Mon Jul 20 2020 23:44:32 GMT+0700 (Indochina Time)','TempHumi '),(1085,60,72,'Mon Jul 20 2020 23:44:40 GMT+0700 (Indochina Time)','TempHumi '),(1086,60,72,'Mon Jul 20 2020 23:44:48 GMT+0700 (Indochina Time)','TempHumi '),(1087,60,72,'Mon Jul 20 2020 23:45:07 GMT+0700 (Indochina Time)','TempHumi '),(1088,60,72,'Mon Jul 20 2020 23:45:16 GMT+0700 (Indochina Time)','TempHumi '),(1089,60,72,'Mon Jul 20 2020 23:45:18 GMT+0700 (Indochina Time)','TempHumi '),(1090,60,72,'Mon Jul 20 2020 23:45:20 GMT+0700 (Indochina Time)','TempHumi '),(1091,60,72,'Mon Jul 20 2020 23:45:24 GMT+0700 (Indochina Time)','TempHumi '),(1092,60,72,'Mon Jul 20 2020 23:45:26 GMT+0700 (Indochina Time)','TempHumi '),(1093,60,72,'Mon Jul 20 2020 23:45:47 GMT+0700 (Indochina Time)','TempHumi '),(1094,60,72,'Mon Jul 20 2020 23:46:10 GMT+0700 (Indochina Time)','TempHumi '),(1095,60,72,'Mon Jul 20 2020 23:49:58 GMT+0700 (Indochina Time)','TempHumi '),(1096,60,72,'Mon Jul 20 2020 23:50:00 GMT+0700 (Indochina Time)','TempHumi '),(1097,60,72,'Mon Jul 20 2020 23:50:05 GMT+0700 (Indochina Time)','TempHumi '),(1098,60,72,'Mon Jul 20 2020 23:50:08 GMT+0700 (Indochina Time)','TempHumi '),(1099,60,72,'Mon Jul 20 2020 23:51:43 GMT+0700 (Indochina Time)','TempHumi '),(1100,60,72,'Mon Jul 20 2020 23:51:49 GMT+0700 (Indochina Time)','TempHumi '),(1101,60,72,'Mon Jul 20 2020 23:51:52 GMT+0700 (Indochina Time)','TempHumi '),(1102,60,72,'Mon Jul 20 2020 23:52:24 GMT+0700 (Indochina Time)','TempHumi '),(1103,60,72,'Mon Jul 20 2020 23:52:25 GMT+0700 (Indochina Time)','TempHumi '),(1104,60,72,'Mon Jul 20 2020 23:52:27 GMT+0700 (Indochina Time)','TempHumi '),(1105,60,72,'Mon Jul 20 2020 23:52:37 GMT+0700 (Indochina Time)','TempHumi '),(1106,60,72,'Mon Jul 20 2020 23:52:42 GMT+0700 (Indochina Time)','TempHumi '),(1107,60,72,'Mon Jul 20 2020 23:52:54 GMT+0700 (Indochina Time)','TempHumi '),(1108,60,72,'Mon Jul 20 2020 23:52:58 GMT+0700 (Indochina Time)','TempHumi '),(1109,60,72,'Mon Jul 20 2020 23:53:02 GMT+0700 (Indochina Time)','TempHumi '),(1110,60,72,'Mon Jul 20 2020 23:53:06 GMT+0700 (Indochina Time)','TempHumi '),(1111,60,72,'Mon Jul 20 2020 23:53:10 GMT+0700 (Indochina Time)','TempHumi '),(1112,60,72,'Mon Jul 20 2020 23:53:17 GMT+0700 (Indochina Time)','TempHumi '),(1113,60,72,'Mon Jul 20 2020 23:53:20 GMT+0700 (Indochina Time)','TempHumi '),(1114,60,72,'Mon Jul 20 2020 23:53:21 GMT+0700 (Indochina Time)','TempHumi '),(1115,60,72,'Mon Jul 20 2020 23:53:24 GMT+0700 (Indochina Time)','TempHumi '),(1116,60,72,'Mon Jul 20 2020 23:53:36 GMT+0700 (Indochina Time)','TempHumi '),(1117,60,72,'Mon Jul 20 2020 23:53:39 GMT+0700 (Indochina Time)','TempHumi '),(1118,60,72,'Mon Jul 20 2020 23:53:40 GMT+0700 (Indochina Time)','TempHumi '),(1119,60,72,'Mon Jul 20 2020 23:53:43 GMT+0700 (Indochina Time)','TempHumi '),(1120,60,72,'Mon Jul 20 2020 23:53:48 GMT+0700 (Indochina Time)','TempHumi '),(1121,60,72,'Mon Jul 20 2020 23:53:55 GMT+0700 (Indochina Time)','TempHumi '),(1122,60,72,'Mon Jul 20 2020 23:53:57 GMT+0700 (Indochina Time)','TempHumi '),(1123,60,72,'Mon Jul 20 2020 23:54:13 GMT+0700 (Indochina Time)','TempHumi '),(1124,60,72,'Mon Jul 20 2020 23:54:15 GMT+0700 (Indochina Time)','TempHumi '),(1125,60,72,'Mon Jul 20 2020 23:54:21 GMT+0700 (Indochina Time)','TempHumi '),(1126,60,72,'Mon Jul 20 2020 23:54:24 GMT+0700 (Indochina Time)','TempHumi '),(1127,60,72,'Mon Jul 20 2020 23:54:28 GMT+0700 (Indochina Time)','TempHumi '),(1128,60,72,'Mon Jul 20 2020 23:54:50 GMT+0700 (Indochina Time)','TempHumi '),(1129,60,72,'Mon Jul 20 2020 23:54:54 GMT+0700 (Indochina Time)','TempHumi '),(1130,60,72,'Mon Jul 20 2020 23:55:15 GMT+0700 (Indochina Time)','TempHumi '),(1131,60,72,'Mon Jul 20 2020 23:55:38 GMT+0700 (Indochina Time)','TempHumi '),(1132,60,72,'Mon Jul 20 2020 23:55:49 GMT+0700 (Indochina Time)','TempHumi '),(1133,60,72,'Mon Jul 20 2020 23:55:51 GMT+0700 (Indochina Time)','TempHumi '),(1134,60,72,'Mon Jul 20 2020 23:56:04 GMT+0700 (Indochina Time)','TempHumi '),(1135,60,72,'Mon Jul 20 2020 23:56:15 GMT+0700 (Indochina Time)','TempHumi '),(1136,60,72,'Mon Jul 20 2020 23:56:25 GMT+0700 (Indochina Time)','TempHumi '),(1137,60,72,'Mon Jul 20 2020 23:56:33 GMT+0700 (Indochina Time)','TempHumi '),(1138,60,72,'Mon Jul 20 2020 23:56:37 GMT+0700 (Indochina Time)','TempHumi '),(1139,60,72,'Mon Jul 20 2020 23:56:45 GMT+0700 (Indochina Time)','TempHumi '),(1140,60,72,'Mon Jul 20 2020 23:56:51 GMT+0700 (Indochina Time)','TempHumi '),(1141,60,72,'Mon Jul 20 2020 23:56:58 GMT+0700 (Indochina Time)','TempHumi '),(1142,60,72,'Mon Jul 20 2020 23:56:59 GMT+0700 (Indochina Time)','TempHumi '),(1143,60,72,'Mon Jul 20 2020 23:57:05 GMT+0700 (Indochina Time)','TempHumi '),(1144,60,72,'Mon Jul 20 2020 23:57:24 GMT+0700 (Indochina Time)','TempHumi '),(1145,60,72,'Mon Jul 20 2020 23:57:26 GMT+0700 (Indochina Time)','TempHumi '),(1146,60,72,'Mon Jul 20 2020 23:57:29 GMT+0700 (Indochina Time)','TempHumi '),(1147,60,72,'Tue Jul 21 2020 00:00:40 GMT+0700 (Indochina Time)','TempHumi '),(1148,60,72,'Tue Jul 21 2020 00:00:42 GMT+0700 (Indochina Time)','TempHumi '),(1149,60,72,'Tue Jul 21 2020 00:01:50 GMT+0700 (Indochina Time)','TempHumi '),(1150,60,72,'Tue Jul 21 2020 00:02:29 GMT+0700 (Indochina Time)','TempHumi '),(1151,60,72,'Tue Jul 21 2020 00:11:58 GMT+0700 (Indochina Time)','TempHumi '),(1152,60,72,'Tue Jul 21 2020 00:12:57 GMT+0700 (Indochina Time)','TempHumi '),(1153,60,72,'Tue Jul 21 2020 00:13:00 GMT+0700 (Indochina Time)','TempHumi '),(1154,60,72,'Tue Jul 21 2020 00:14:33 GMT+0700 (Indochina Time)','TempHumi '),(1155,60,72,'Tue Jul 21 2020 00:15:49 GMT+0700 (Indochina Time)','TempHumi '),(1156,60,72,'Tue Jul 21 2020 00:34:32 GMT+0700 (Indochina Time)','TempHumi '),(1157,60,72,'Tue Jul 21 2020 00:34:48 GMT+0700 (Indochina Time)','TempHumi '),(1158,60,72,'Tue Jul 21 2020 00:35:00 GMT+0700 (Indochina Time)','TempHumi '),(1159,60,72,'Tue Jul 21 2020 00:35:04 GMT+0700 (Indochina Time)','TempHumi '),(1160,60,72,'Tue Jul 21 2020 00:35:08 GMT+0700 (Indochina Time)','TempHumi '),(1161,60,72,'Tue Jul 21 2020 00:35:17 GMT+0700 (Indochina Time)','TempHumi '),(1162,60,72,'Tue Jul 21 2020 00:35:23 GMT+0700 (Indochina Time)','TempHumi '),(1163,60,72,'Tue Jul 21 2020 00:35:27 GMT+0700 (Indochina Time)','TempHumi '),(1164,60,72,'Tue Jul 21 2020 00:36:48 GMT+0700 (Indochina Time)','TempHumi '),(1165,60,72,'Tue Jul 21 2020 00:39:53 GMT+0700 (Indochina Time)','TempHumi '),(1166,60,72,'Tue Jul 21 2020 00:39:55 GMT+0700 (Indochina Time)','TempHumi '),(1167,60,72,'Tue Jul 21 2020 00:40:00 GMT+0700 (Indochina Time)','TempHumi '),(1168,60,72,'Tue Jul 21 2020 00:40:03 GMT+0700 (Indochina Time)','TempHumi '),(1169,60,72,'Tue Jul 21 2020 00:40:06 GMT+0700 (Indochina Time)','TempHumi '),(1170,60,72,'Tue Jul 21 2020 00:40:11 GMT+0700 (Indochina Time)','TempHumi '),(1171,60,72,'Tue Jul 21 2020 00:40:12 GMT+0700 (Indochina Time)','TempHumi '),(1172,60,72,'Tue Jul 21 2020 00:40:15 GMT+0700 (Indochina Time)','TempHumi '),(1173,60,72,'Tue Jul 21 2020 00:40:24 GMT+0700 (Indochina Time)','TempHumi '),(1174,60,72,'Tue Jul 21 2020 00:51:08 GMT+0700 (Indochina Time)','TempHumi '),(1175,60,72,'Tue Jul 21 2020 00:51:22 GMT+0700 (Indochina Time)','TempHumi '),(1176,60,72,'Tue Jul 21 2020 00:51:39 GMT+0700 (Indochina Time)','TempHumi '),(1177,60,72,'Tue Jul 21 2020 00:52:16 GMT+0700 (Indochina Time)','TempHumi '),(1178,60,72,'Tue Jul 21 2020 00:52:19 GMT+0700 (Indochina Time)','TempHumi '),(1179,60,72,'Tue Jul 21 2020 00:53:28 GMT+0700 (Indochina Time)','TempHumi '),(1180,60,72,'Tue Jul 21 2020 01:05:50 GMT+0700 (Indochina Time)','TempHumi '),(1181,60,72,'Tue Jul 21 2020 01:09:14 GMT+0700 (Indochina Time)','TempHumi '),(1182,60,72,'Tue Jul 21 2020 01:14:53 GMT+0700 (Indochina Time)','TempHumi '),(1183,60,72,'Tue Jul 21 2020 01:14:58 GMT+0700 (Indochina Time)','TempHumi '),(1184,60,72,'Tue Jul 21 2020 01:15:15 GMT+0700 (Indochina Time)','TempHumi '),(1185,60,72,'Tue Jul 21 2020 01:15:17 GMT+0700 (Indochina Time)','TempHumi '),(1186,60,72,'Tue Jul 21 2020 01:15:25 GMT+0700 (Indochina Time)','TempHumi '),(1187,60,72,'Tue Jul 21 2020 01:15:26 GMT+0700 (Indochina Time)','TempHumi '),(1188,60,72,'Tue Jul 21 2020 01:16:51 GMT+0700 (Indochina Time)','TempHumi '),(1189,60,72,'Tue Jul 21 2020 01:17:09 GMT+0700 (Indochina Time)','TempHumi '),(1190,60,72,'Tue Jul 21 2020 01:17:32 GMT+0700 (Indochina Time)','TempHumi '),(1191,60,72,'Tue Jul 21 2020 01:17:41 GMT+0700 (Indochina Time)','TempHumi '),(1192,60,72,'Tue Jul 21 2020 01:17:44 GMT+0700 (Indochina Time)','TempHumi '),(1193,60,72,'Tue Jul 21 2020 01:18:49 GMT+0700 (Indochina Time)','TempHumi '),(1194,60,72,'Tue Jul 21 2020 01:19:12 GMT+0700 (Indochina Time)','TempHumi '),(1195,60,72,'Tue Jul 21 2020 01:19:15 GMT+0700 (Indochina Time)','TempHumi '),(1196,60,72,'Tue Jul 21 2020 01:19:17 GMT+0700 (Indochina Time)','TempHumi '),(1197,60,72,'Tue Jul 21 2020 01:19:27 GMT+0700 (Indochina Time)','TempHumi '),(1198,60,72,'Tue Jul 21 2020 01:19:32 GMT+0700 (Indochina Time)','TempHumi '),(1199,60,72,'Tue Jul 21 2020 01:20:12 GMT+0700 (Indochina Time)','TempHumi '),(1200,60,72,'Tue Jul 21 2020 01:20:16 GMT+0700 (Indochina Time)','TempHumi '),(1201,60,72,'Tue Jul 21 2020 01:20:29 GMT+0700 (Indochina Time)','TempHumi '),(1202,60,72,'Tue Jul 21 2020 01:20:31 GMT+0700 (Indochina Time)','TempHumi '),(1203,60,72,'Tue Jul 21 2020 01:22:09 GMT+0700 (Indochina Time)','TempHumi '),(1204,60,72,'Tue Jul 21 2020 01:22:21 GMT+0700 (Indochina Time)','TempHumi '),(1205,60,72,'Tue Jul 21 2020 01:22:29 GMT+0700 (Indochina Time)','TempHumi '),(1206,60,72,'Tue Jul 21 2020 01:22:42 GMT+0700 (Indochina Time)','TempHumi '),(1207,60,72,'Tue Jul 21 2020 01:22:48 GMT+0700 (Indochina Time)','TempHumi '),(1208,60,72,'Tue Jul 21 2020 01:22:51 GMT+0700 (Indochina Time)','TempHumi '),(1209,60,72,'Tue Jul 21 2020 01:22:54 GMT+0700 (Indochina Time)','TempHumi '),(1210,60,72,'Tue Jul 21 2020 01:22:59 GMT+0700 (Indochina Time)','TempHumi '),(1211,60,72,'Tue Jul 21 2020 01:27:36 GMT+0700 (Indochina Time)','TempHumi '),(1212,60,72,'Tue Jul 21 2020 01:27:56 GMT+0700 (Indochina Time)','TempHumi '),(1213,60,72,'Tue Jul 21 2020 01:27:59 GMT+0700 (Indochina Time)','TempHumi '),(1214,60,72,'Tue Jul 21 2020 01:28:02 GMT+0700 (Indochina Time)','TempHumi '),(1215,60,72,'Tue Jul 21 2020 01:29:30 GMT+0700 (Indochina Time)','TempHumi '),(1216,60,72,'Tue Jul 21 2020 01:29:33 GMT+0700 (Indochina Time)','TempHumi '),(1217,60,72,'Tue Jul 21 2020 01:29:36 GMT+0700 (Indochina Time)','TempHumi '),(1218,60,72,'Tue Jul 21 2020 01:29:39 GMT+0700 (Indochina Time)','TempHumi '),(1219,60,72,'Tue Jul 21 2020 01:29:57 GMT+0700 (Indochina Time)','TempHumi '),(1220,60,72,'Tue Jul 21 2020 01:30:00 GMT+0700 (Indochina Time)','TempHumi '),(1221,60,72,'Tue Jul 21 2020 01:30:01 GMT+0700 (Indochina Time)','TempHumi '),(1222,60,72,'Tue Jul 21 2020 01:30:06 GMT+0700 (Indochina Time)','TempHumi '),(1223,60,72,'Tue Jul 21 2020 01:30:09 GMT+0700 (Indochina Time)','TempHumi '),(1224,60,72,'Tue Jul 21 2020 01:31:02 GMT+0700 (Indochina Time)','TempHumi '),(1225,60,72,'Tue Jul 21 2020 01:31:07 GMT+0700 (Indochina Time)','TempHumi '),(1226,60,72,'Tue Jul 21 2020 01:31:19 GMT+0700 (Indochina Time)','TempHumi '),(1227,60,72,'Tue Jul 21 2020 01:31:23 GMT+0700 (Indochina Time)','TempHumi '),(1228,60,72,'Tue Jul 21 2020 01:31:31 GMT+0700 (Indochina Time)','TempHumi '),(1229,60,72,'Tue Jul 21 2020 01:31:35 GMT+0700 (Indochina Time)','TempHumi '),(1230,60,72,'Tue Jul 21 2020 01:31:40 GMT+0700 (Indochina Time)','TempHumi '),(1231,60,72,'Tue Jul 21 2020 01:31:42 GMT+0700 (Indochina Time)','TempHumi '),(1232,60,72,'Tue Jul 21 2020 01:31:47 GMT+0700 (Indochina Time)','TempHumi '),(1233,60,72,'Tue Jul 21 2020 01:32:21 GMT+0700 (Indochina Time)','TempHumi '),(1234,60,72,'Tue Jul 21 2020 01:32:33 GMT+0700 (Indochina Time)','TempHumi '),(1235,60,72,'Tue Jul 21 2020 01:32:40 GMT+0700 (Indochina Time)','TempHumi '),(1236,60,72,'Tue Jul 21 2020 01:32:49 GMT+0700 (Indochina Time)','TempHumi '),(1237,60,72,'Tue Jul 21 2020 01:32:54 GMT+0700 (Indochina Time)','TempHumi '),(1238,60,72,'Tue Jul 21 2020 01:32:56 GMT+0700 (Indochina Time)','TempHumi '),(1239,60,72,'Tue Jul 21 2020 01:33:15 GMT+0700 (Indochina Time)','TempHumi '),(1240,60,72,'Tue Jul 21 2020 01:33:20 GMT+0700 (Indochina Time)','TempHumi '),(1241,60,72,'Tue Jul 21 2020 01:33:22 GMT+0700 (Indochina Time)','TempHumi '),(1242,60,72,'Tue Jul 21 2020 01:33:32 GMT+0700 (Indochina Time)','TempHumi '),(1243,60,72,'Tue Jul 21 2020 01:33:48 GMT+0700 (Indochina Time)','TempHumi '),(1244,60,72,'Tue Jul 21 2020 01:33:52 GMT+0700 (Indochina Time)','TempHumi '),(1245,60,72,'Tue Jul 21 2020 12:13:54 GMT+0700 (Indochina Time)','TempHumi '),(1246,60,72,'Tue Jul 21 2020 12:18:55 GMT+0700 (Indochina Time)','TempHumi '),(1247,60,72,'Tue Jul 21 2020 12:19:10 GMT+0700 (Indochina Time)','TempHumi '),(1248,60,72,'Tue Jul 21 2020 12:19:17 GMT+0700 (Indochina Time)','TempHumi '),(1249,60,72,'Tue Jul 21 2020 12:19:18 GMT+0700 (Indochina Time)','TempHumi '),(1250,60,72,'Tue Jul 21 2020 12:19:21 GMT+0700 (Indochina Time)','TempHumi '),(1251,60,72,'Tue Jul 21 2020 12:19:27 GMT+0700 (Indochina Time)','TempHumi '),(1252,60,72,'Tue Jul 21 2020 12:20:06 GMT+0700 (Indochina Time)','TempHumi '),(1253,60,72,'Tue Jul 21 2020 12:20:12 GMT+0700 (Indochina Time)','TempHumi '),(1254,60,72,'Tue Jul 21 2020 12:20:15 GMT+0700 (Indochina Time)','TempHumi '),(1255,60,72,'Tue Jul 21 2020 12:21:02 GMT+0700 (Indochina Time)','TempHumi '),(1256,60,72,'Tue Jul 21 2020 12:22:11 GMT+0700 (Indochina Time)','TempHumi '),(1257,60,72,'Tue Jul 21 2020 12:22:15 GMT+0700 (Indochina Time)','TempHumi '),(1258,60,72,'Tue Jul 21 2020 12:23:54 GMT+0700 (Indochina Time)','TempHumi '),(1259,60,72,'Tue Jul 21 2020 12:29:12 GMT+0700 (Indochina Time)','TempHumi '),(1260,60,72,'Tue Jul 21 2020 12:32:36 GMT+0700 (Indochina Time)','TempHumi '),(1261,60,72,'Tue Jul 21 2020 12:33:00 GMT+0700 (Indochina Time)','TempHumi '),(1262,60,72,'Tue Jul 21 2020 12:34:33 GMT+0700 (Indochina Time)','TempHumi '),(1263,60,72,'Tue Jul 21 2020 13:08:28 GMT+0700 (Indochina Time)','TempHumi '),(1264,60,72,'Tue Jul 21 2020 13:08:51 GMT+0700 (Indochina Time)','TempHumi '),(1265,60,72,'Tue Jul 21 2020 13:08:54 GMT+0700 (Indochina Time)','TempHumi '),(1266,60,72,'Tue Jul 21 2020 13:17:04 GMT+0700 (Indochina Time)','TempHumi '),(1267,60,72,'Tue Jul 21 2020 13:17:11 GMT+0700 (Indochina Time)','TempHumi '),(1268,60,72,'Tue Jul 21 2020 13:17:15 GMT+0700 (Indochina Time)','TempHumi '),(1269,60,72,'Tue Jul 21 2020 13:18:02 GMT+0700 (Indochina Time)','TempHumi '),(1270,60,72,'Tue Jul 21 2020 13:18:05 GMT+0700 (Indochina Time)','TempHumi '),(1271,60,72,'Tue Jul 21 2020 13:18:11 GMT+0700 (Indochina Time)','TempHumi '),(1272,60,72,'Tue Jul 21 2020 13:18:51 GMT+0700 (Indochina Time)','TempHumi '),(1273,60,72,'Tue Jul 21 2020 13:19:00 GMT+0700 (Indochina Time)','TempHumi '),(1274,60,72,'Tue Jul 21 2020 13:19:10 GMT+0700 (Indochina Time)','TempHumi '),(1275,60,72,'Tue Jul 21 2020 13:19:17 GMT+0700 (Indochina Time)','TempHumi '),(1276,60,72,'Tue Jul 21 2020 13:19:59 GMT+0700 (Indochina Time)','TempHumi '),(1277,70,72,'Tue Jul 21 2020 13:19:59 GMT+0700 (Indochina Time)','TempHumi '),(1278,70,72,'Tue Jul 21 2020 13:19:59 GMT+0700 (Indochina Time)','TempHumi '),(1279,60,72,'Tue Jul 21 2020 13:24:25 GMT+0700 (Indochina Time)','TempHumi '),(1280,60,72,'Tue Jul 21 2020 13:24:36 GMT+0700 (Indochina Time)','TempHumi '),(1281,10,72,'Tue Jul 21 2020 13:24:36 GMT+0700 (Indochina Time)','TempHumi '),(1282,40,72,'Tue Jul 21 2020 13:24:36 GMT+0700 (Indochina Time)','TempHumi '),(1283,24,72,'Tue Jul 21 2020 13:24:36 GMT+0700 (Indochina Time)','TempHumi '),(1284,19,72,'Tue Jul 21 2020 13:24:36 GMT+0700 (Indochina Time)','TempHumi '),(1285,60,72,'Tue Jul 21 2020 13:27:11 GMT+0700 (Indochina Time)','TempHumi '),(1286,19,72,'Tue Jul 21 2020 13:27:11 GMT+0700 (Indochina Time)','TempHumi '),(1287,60,72,'Tue Jul 21 2020 13:36:33 GMT+0700 (Indochina Time)','TempHumi '),(1288,60,72,'Tue Jul 21 2020 13:36:38 GMT+0700 (Indochina Time)','TempHumi '),(1289,60,72,'Tue Jul 21 2020 13:36:57 GMT+0700 (Indochina Time)','TempHumi '),(1290,60,72,'Tue Jul 21 2020 13:40:21 GMT+0700 (Indochina Time)','TempHumi '),(1291,60,72,'Tue Jul 21 2020 13:40:24 GMT+0700 (Indochina Time)','TempHumi '),(1292,19,72,'Tue Jul 21 2020 13:40:24 GMT+0700 (Indochina Time)','TempHumi '),(1293,60,72,'Tue Jul 21 2020 13:45:14 GMT+0700 (Indochina Time)','TempHumi '),(1294,60,72,'Tue Jul 21 2020 13:45:21 GMT+0700 (Indochina Time)','TempHumi '),(1295,60,72,'Tue Jul 21 2020 13:48:27 GMT+0700 (Indochina Time)','TempHumi '),(1296,60,72,'Tue Jul 21 2020 13:50:38 GMT+0700 (Indochina Time)','TempHumi '),(1297,60,72,'Tue Jul 21 2020 14:02:07 GMT+0700 (Indochina Time)','TempHumi '),(1298,19,72,'Tue Jul 21 2020 14:02:07 GMT+0700 (Indochina Time)','TempHumi '),(1299,60,72,'Tue Jul 21 2020 14:03:07 GMT+0700 (Indochina Time)','TempHumi '),(1300,60,72,'Tue Jul 21 2020 14:03:10 GMT+0700 (Indochina Time)','TempHumi '),(1301,60,72,'Tue Jul 21 2020 14:04:32 GMT+0700 (Indochina Time)','TempHumi '),(1302,60,72,'Tue Jul 21 2020 14:04:34 GMT+0700 (Indochina Time)','TempHumi '),(1303,60,72,'Tue Jul 21 2020 14:04:38 GMT+0700 (Indochina Time)','TempHumi '),(1304,60,72,'Tue Jul 21 2020 14:04:56 GMT+0700 (Indochina Time)','TempHumi '),(1305,19,72,'Tue Jul 21 2020 14:04:56 GMT+0700 (Indochina Time)','TempHumi '),(1306,31,72,'Tue Jul 21 2020 14:04:56 GMT+0700 (Indochina Time)','TempHumi '),(1307,40,72,'Tue Jul 21 2020 14:04:56 GMT+0700 (Indochina Time)','TempHumi '),(1308,60,72,'Tue Jul 21 2020 14:06:11 GMT+0700 (Indochina Time)','TempHumi '),(1309,60,72,'Tue Jul 21 2020 14:06:15 GMT+0700 (Indochina Time)','TempHumi '),(1310,60,72,'Tue Jul 21 2020 14:06:25 GMT+0700 (Indochina Time)','TempHumi '),(1311,60,72,'Tue Jul 21 2020 14:06:27 GMT+0700 (Indochina Time)','TempHumi '),(1312,60,72,'Tue Jul 21 2020 14:06:41 GMT+0700 (Indochina Time)','TempHumi '),(1313,60,72,'Tue Jul 21 2020 14:07:03 GMT+0700 (Indochina Time)','TempHumi '),(1314,60,72,'Tue Jul 21 2020 14:07:05 GMT+0700 (Indochina Time)','TempHumi '),(1315,60,72,'Tue Jul 21 2020 14:07:19 GMT+0700 (Indochina Time)','TempHumi '),(1316,60,72,'Tue Jul 21 2020 14:12:12 GMT+0700 (Indochina Time)','TempHumi '),(1317,40,72,'Tue Jul 21 2020 14:12:12 GMT+0700 (Indochina Time)','TempHumi '),(1318,40,72,'Tue Jul 21 2020 14:12:12 GMT+0700 (Indochina Time)','TempHumi '),(1319,19,72,'Tue Jul 21 2020 14:12:12 GMT+0700 (Indochina Time)','TempHumi '),(1320,35,72,'Tue Jul 21 2020 14:12:12 GMT+0700 (Indochina Time)','TempHumi '),(1321,19,72,'Tue Jul 21 2020 14:12:12 GMT+0700 (Indochina Time)','TempHumi '),(1322,60,72,'Tue Jul 21 2020 14:15:33 GMT+0700 (Indochina Time)','TempHumi '),(1323,60,72,'Tue Jul 21 2020 14:15:37 GMT+0700 (Indochina Time)','TempHumi '),(1324,60,72,'Tue Jul 21 2020 14:15:39 GMT+0700 (Indochina Time)','TempHumi '),(1325,60,72,'Tue Jul 21 2020 14:15:42 GMT+0700 (Indochina Time)','TempHumi '),(1326,60,72,'Tue Jul 21 2020 14:15:50 GMT+0700 (Indochina Time)','TempHumi '),(1327,60,72,'Tue Jul 21 2020 14:15:52 GMT+0700 (Indochina Time)','TempHumi '),(1328,60,72,'Tue Jul 21 2020 14:15:56 GMT+0700 (Indochina Time)','TempHumi '),(1329,60,72,'Tue Jul 21 2020 14:15:58 GMT+0700 (Indochina Time)','TempHumi '),(1330,19,72,'Tue Jul 21 2020 14:15:58 GMT+0700 (Indochina Time)','TempHumi '),(1331,60,72,'Tue Jul 21 2020 14:19:49 GMT+0700 (Indochina Time)','TempHumi '),(1332,35,72,'Tue Jul 21 2020 14:19:49 GMT+0700 (Indochina Time)','TempHumi '),(1333,35,72,'Tue Jul 21 2020 14:19:49 GMT+0700 (Indochina Time)','TempHumi '),(1334,60,72,'Tue Jul 21 2020 14:24:38 GMT+0700 (Indochina Time)','TempHumi '),(1335,60,72,'Tue Jul 21 2020 14:27:26 GMT+0700 (Indochina Time)','TempHumi '),(1336,60,72,'Tue Jul 21 2020 14:27:48 GMT+0700 (Indochina Time)','TempHumi '),(1337,60,72,'Tue Jul 21 2020 14:28:19 GMT+0700 (Indochina Time)','TempHumi '),(1338,60,72,'Tue Jul 21 2020 14:28:22 GMT+0700 (Indochina Time)','TempHumi '),(1339,60,72,'Tue Jul 21 2020 14:28:49 GMT+0700 (Indochina Time)','TempHumi '),(1340,60,72,'Tue Jul 21 2020 14:29:15 GMT+0700 (Indochina Time)','TempHumi '),(1341,60,72,'Tue Jul 21 2020 14:30:28 GMT+0700 (Indochina Time)','TempHumi '),(1342,60,72,'Tue Jul 21 2020 14:30:49 GMT+0700 (Indochina Time)','TempHumi '),(1343,60,72,'Tue Jul 21 2020 14:34:16 GMT+0700 (Indochina Time)','TempHumi '),(1344,60,72,'Tue Jul 21 2020 14:35:13 GMT+0700 (Indochina Time)','TempHumi '),(1345,60,72,'Tue Jul 21 2020 14:35:55 GMT+0700 (Indochina Time)','TempHumi '),(1346,60,72,'Tue Jul 21 2020 16:29:14 GMT+0700 (Indochina Time)','TempHumi '),(1347,60,72,'Tue Jul 21 2020 16:29:59 GMT+0700 (Indochina Time)','TempHumi '),(1348,60,72,'Tue Jul 21 2020 16:30:16 GMT+0700 (Indochina Time)','TempHumi '),(1349,60,72,'Tue Jul 21 2020 16:34:08 GMT+0700 (Indochina Time)','TempHumi '),(1350,60,72,'Tue Jul 21 2020 16:37:47 GMT+0700 (Indochina Time)','TempHumi '),(1351,60,72,'Tue Jul 21 2020 16:38:09 GMT+0700 (Indochina Time)','TempHumi '),(1352,60,72,'Tue Jul 21 2020 16:38:43 GMT+0700 (Indochina Time)','TempHumi '),(1353,60,72,'Tue Jul 21 2020 16:38:53 GMT+0700 (Indochina Time)','TempHumi '),(1354,60,72,'Tue Jul 21 2020 16:38:57 GMT+0700 (Indochina Time)','TempHumi '),(1355,60,72,'Tue Jul 21 2020 16:39:00 GMT+0700 (Indochina Time)','TempHumi '),(1356,60,72,'Tue Jul 21 2020 16:39:11 GMT+0700 (Indochina Time)','TempHumi '),(1357,60,72,'Tue Jul 21 2020 16:39:15 GMT+0700 (Indochina Time)','TempHumi '),(1358,60,72,'Tue Jul 21 2020 16:39:20 GMT+0700 (Indochina Time)','TempHumi '),(1359,60,72,'Tue Jul 21 2020 16:39:41 GMT+0700 (Indochina Time)','TempHumi '),(1360,19,72,'Tue Jul 21 2020 16:39:41 GMT+0700 (Indochina Time)','TempHumi '),(1361,35,72,'Tue Jul 21 2020 16:39:41 GMT+0700 (Indochina Time)','TempHumi '),(1362,19,72,'Tue Jul 21 2020 16:39:41 GMT+0700 (Indochina Time)','TempHumi '),(1363,35,72,'Tue Jul 21 2020 16:39:41 GMT+0700 (Indochina Time)','TempHumi '),(1364,60,72,'Tue Jul 21 2020 16:48:26 GMT+0700 (Indochina Time)','TempHumi '),(1365,18,72,'Tue Jul 21 2020 16:48:26 GMT+0700 (Indochina Time)','TempHumi '),(1366,31,72,'Tue Jul 21 2020 16:48:26 GMT+0700 (Indochina Time)','TempHumi '),(1367,60,72,'Tue Jul 21 2020 17:17:14 GMT+0700 (Indochina Time)','TempHumi '),(1368,60,72,'Tue Jul 21 2020 17:17:31 GMT+0700 (Indochina Time)','TempHumi '),(1369,60,72,'Tue Jul 21 2020 17:17:50 GMT+0700 (Indochina Time)','TempHumi '),(1370,60,72,'Tue Jul 21 2020 17:18:32 GMT+0700 (Indochina Time)','TempHumi ');
/*!40000 ALTER TABLE `CamBien` ENABLE KEYS */;
UNLOCK TABLES;

--
-- Table structure for table `Giatribomkhigioihannhietdo`
--

DROP TABLE IF EXISTS `Giatribomkhigioihannhietdo`;
/*!40101 SET @saved_cs_client     = @@character_set_client */;
/*!50503 SET character_set_client = utf8mb4 */;
CREATE TABLE `Giatribomkhigioihannhietdo` (
  `id` int NOT NULL AUTO_INCREMENT,
  `value` int DEFAULT NULL,
  `idgioihannhietdo` int DEFAULT NULL,
  PRIMARY KEY (`id`)
) ENGINE=InnoDB AUTO_INCREMENT=26 DEFAULT CHARSET=utf8mb4 COLLATE=utf8mb4_0900_ai_ci;
/*!40101 SET character_set_client = @saved_cs_client */;

--
-- Dumping data for table `Giatribomkhigioihannhietdo`
--

LOCK TABLES `Giatribomkhigioihannhietdo` WRITE;
/*!40000 ALTER TABLE `Giatribomkhigioihannhietdo` DISABLE KEYS */;
INSERT INTO `Giatribomkhigioihannhietdo` VALUES (1,36,152),(2,36,155),(3,36,156),(4,47,158),(5,47,159),(6,47,160),(7,47,162),(8,1,165),(9,54,166),(10,54,168),(11,70,169),(12,45,170),(13,45,174),(14,68,175),(15,68,176),(16,68,177),(17,68,178),(18,68,179),(19,68,180),(20,68,181),(21,68,182),(22,68,183),(23,68,185),(24,68,187),(25,68,189);
/*!40000 ALTER TABLE `Giatribomkhigioihannhietdo` ENABLE KEYS */;
UNLOCK TABLES;

--
-- Table structure for table `Gioihannhietdo`
--

DROP TABLE IF EXISTS `Gioihannhietdo`;
/*!40101 SET @saved_cs_client     = @@character_set_client */;
/*!50503 SET character_set_client = utf8mb4 */;
CREATE TABLE `Gioihannhietdo` (
  `id` int NOT NULL AUTO_INCREMENT,
  `gioihantren` int DEFAULT NULL,
  `gioihanduoi` int DEFAULT NULL,
  `timecreate` varchar(100) DEFAULT NULL,
  `username` varchar(45) NOT NULL,
  PRIMARY KEY (`id`)
) ENGINE=InnoDB AUTO_INCREMENT=194 DEFAULT CHARSET=utf8mb4 COLLATE=utf8mb4_0900_ai_ci;
/*!40101 SET character_set_client = @saved_cs_client */;

--
-- Dumping data for table `Gioihannhietdo`
--

LOCK TABLES `Gioihannhietdo` WRITE;
/*!40000 ALTER TABLE `Gioihannhietdo` DISABLE KEYS */;
INSERT INTO `Gioihannhietdo` VALUES (1,30,20,NULL,''),(2,30,20,'Fri Jun 19 2020 20:25:50 GMT+0700 (Indochina Time)',''),(3,30,20,'Fri Jun 19 2020 20:25:50 GMT+0700 (Indochina Time)',''),(4,30,20,'Fri Jun 19 2020 20:27:57 GMT+0700 (Indochina Time)',''),(5,30,20,'Fri Jun 19 2020 20:28:36 GMT+0700 (Indochina Time)',''),(6,30,20,'Fri Jun 19 2020 20:28:50 GMT+0700 (Indochina Time)',''),(7,30,20,'Fri Jun 19 2020 20:29:40 GMT+0700 (Indochina Time)',''),(8,30,20,'Fri Jun 19 2020 20:29:40 GMT+0700 (Indochina Time)',''),(9,30,20,'Fri Jun 19 2020 20:32:00 GMT+0700 (Indochina Time)',''),(10,30,20,'Fri Jun 19 2020 20:32:59 GMT+0700 (Indochina Time)',''),(11,30,20,'Fri Jun 19 2020 20:34:01 GMT+0700 (Indochina Time)',''),(12,30,20,'Fri Jun 19 2020 20:34:27 GMT+0700 (Indochina Time)',''),(13,30,20,'Fri Jun 19 2020 20:34:41 GMT+0700 (Indochina Time)',''),(14,30,20,'Fri Jun 19 2020 20:36:43 GMT+0700 (Indochina Time)',''),(15,30,20,'Fri Jun 19 2020 20:38:12 GMT+0700 (Indochina Time)',''),(16,30,10,'Mon Jul 06 2020 16:04:51 GMT+0700 (Indochina Time)',''),(17,30,20,'Mon Jul 06 2020 16:11:35 GMT+0700 (Indochina Time)',''),(18,999,-999,'Tue Jul 21 2020 00:00:42 GMT+0700 (Indochina Time)','admin3'),(19,999,-999,'Tue Jul 21 2020 00:01:50 GMT+0700 (Indochina Time)','admin3'),(20,999,-999,'Tue Jul 21 2020 00:02:29 GMT+0700 (Indochina Time)','admin3'),(21,999,-999,'Tue Jul 21 2020 00:11:58 GMT+0700 (Indochina Time)','admin3'),(22,999,-999,'Tue Jul 21 2020 00:13:00 GMT+0700 (Indochina Time)','admin3'),(23,999,-999,'Tue Jul 21 2020 00:14:33 GMT+0700 (Indochina Time)','admin3'),(24,999,-999,'Tue Jul 21 2020 00:14:33 GMT+0700 (Indochina Time)','admin3'),(25,999,-999,'Tue Jul 21 2020 00:15:49 GMT+0700 (Indochina Time)','admin3'),(26,999,-999,'Tue Jul 21 2020 00:15:49 GMT+0700 (Indochina Time)','admin3'),(27,999,-999,'Tue Jul 21 2020 00:15:49 GMT+0700 (Indochina Time)','admin3'),(28,999,-999,'Tue Jul 21 2020 00:15:49 GMT+0700 (Indochina Time)','admin3'),(29,999,-999,'Tue Jul 21 2020 00:15:49 GMT+0700 (Indochina Time)','admin3'),(30,999,-999,'Tue Jul 21 2020 00:15:49 GMT+0700 (Indochina Time)','admin3'),(31,999,-999,'Tue Jul 21 2020 00:35:27 GMT+0700 (Indochina Time)','admin3'),(32,999,-999,'Tue Jul 21 2020 00:36:48 GMT+0700 (Indochina Time)','admin3'),(33,999,-999,'Tue Jul 21 2020 00:36:48 GMT+0700 (Indochina Time)','admin3'),(34,999,-999,'Tue Jul 21 2020 00:36:48 GMT+0700 (Indochina Time)','admin3'),(35,999,-999,'Tue Jul 21 2020 00:36:48 GMT+0700 (Indochina Time)','admin3'),(36,999,-999,'Tue Jul 21 2020 00:36:48 GMT+0700 (Indochina Time)','admin3'),(37,999,-999,'Tue Jul 21 2020 00:36:48 GMT+0700 (Indochina Time)','admin3'),(38,999,-999,'Tue Jul 21 2020 00:36:48 GMT+0700 (Indochina Time)','admin3'),(39,999,-999,'Tue Jul 21 2020 00:36:48 GMT+0700 (Indochina Time)','admin3'),(40,999,-999,'Tue Jul 21 2020 00:36:48 GMT+0700 (Indochina Time)','admin3'),(41,999,-999,'Tue Jul 21 2020 00:36:48 GMT+0700 (Indochina Time)','admin3'),(42,999,-999,'Tue Jul 21 2020 00:36:48 GMT+0700 (Indochina Time)','admin3'),(43,999,-999,'Tue Jul 21 2020 00:36:48 GMT+0700 (Indochina Time)','admin3'),(44,999,-999,'Tue Jul 21 2020 00:36:48 GMT+0700 (Indochina Time)','admin3'),(45,999,-999,'Tue Jul 21 2020 00:36:48 GMT+0700 (Indochina Time)','admin3'),(46,999,-999,'Tue Jul 21 2020 00:36:48 GMT+0700 (Indochina Time)','admin3'),(47,999,-999,'Tue Jul 21 2020 00:40:24 GMT+0700 (Indochina Time)','admin3'),(48,999,-999,'Tue Jul 21 2020 00:40:24 GMT+0700 (Indochina Time)','admin3'),(49,999,-999,'Tue Jul 21 2020 00:40:24 GMT+0700 (Indochina Time)','admin3'),(50,999,-999,'Tue Jul 21 2020 00:40:24 GMT+0700 (Indochina Time)','admin3'),(51,999,-999,'Tue Jul 21 2020 00:40:24 GMT+0700 (Indochina Time)','admin3'),(52,999,-999,'Tue Jul 21 2020 00:40:24 GMT+0700 (Indochina Time)','admin3'),(53,999,-999,'Tue Jul 21 2020 00:40:24 GMT+0700 (Indochina Time)','admin3'),(54,999,-999,'Tue Jul 21 2020 00:40:24 GMT+0700 (Indochina Time)','admin3'),(55,999,-999,'Tue Jul 21 2020 00:40:24 GMT+0700 (Indochina Time)','admin3'),(56,999,-999,'Tue Jul 21 2020 00:40:24 GMT+0700 (Indochina Time)','admin3'),(57,999,-999,'Tue Jul 21 2020 00:40:24 GMT+0700 (Indochina Time)','admin3'),(58,999,-999,'Tue Jul 21 2020 00:40:24 GMT+0700 (Indochina Time)','admin3'),(59,999,-999,'Tue Jul 21 2020 00:51:08 GMT+0700 (Indochina Time)','admin3'),(60,999,-999,'Tue Jul 21 2020 00:51:39 GMT+0700 (Indochina Time)','admin3'),(61,999,-999,'Tue Jul 21 2020 00:52:19 GMT+0700 (Indochina Time)','admin3'),(62,999,-999,'Tue Jul 21 2020 00:53:28 GMT+0700 (Indochina Time)','admin3'),(63,999,-999,'Tue Jul 21 2020 00:53:28 GMT+0700 (Indochina Time)','admin3'),(64,999,-999,'Tue Jul 21 2020 00:53:28 GMT+0700 (Indochina Time)','admin3'),(65,999,-999,'Tue Jul 21 2020 00:53:28 GMT+0700 (Indochina Time)','admin3'),(66,999,-999,'Tue Jul 21 2020 00:53:28 GMT+0700 (Indochina Time)','admin3'),(67,999,-999,'Tue Jul 21 2020 00:53:28 GMT+0700 (Indochina Time)','admin3'),(68,999,-999,'Tue Jul 21 2020 00:53:28 GMT+0700 (Indochina Time)','admin3'),(69,999,-999,'Tue Jul 21 2020 00:53:28 GMT+0700 (Indochina Time)','admin3'),(70,999,-999,'Tue Jul 21 2020 00:53:28 GMT+0700 (Indochina Time)','admin3'),(71,999,-999,'Tue Jul 21 2020 00:53:28 GMT+0700 (Indochina Time)','admin3'),(72,999,-999,'Tue Jul 21 2020 00:53:28 GMT+0700 (Indochina Time)','admin3'),(73,999,-999,'Tue Jul 21 2020 00:53:28 GMT+0700 (Indochina Time)','admin3'),(74,999,-999,'Tue Jul 21 2020 00:53:28 GMT+0700 (Indochina Time)','admin3'),(75,999,-999,'Tue Jul 21 2020 00:53:28 GMT+0700 (Indochina Time)','admin3'),(76,999,-999,'Tue Jul 21 2020 00:53:28 GMT+0700 (Indochina Time)','admin3'),(77,999,-999,'Tue Jul 21 2020 00:53:28 GMT+0700 (Indochina Time)','admin3'),(78,999,-999,'Tue Jul 21 2020 00:53:28 GMT+0700 (Indochina Time)','admin3'),(79,999,-999,'Tue Jul 21 2020 00:53:28 GMT+0700 (Indochina Time)','admin3'),(80,999,-999,'Tue Jul 21 2020 00:53:28 GMT+0700 (Indochina Time)','admin3'),(81,999,-999,'Tue Jul 21 2020 00:53:28 GMT+0700 (Indochina Time)','admin3'),(82,999,-999,'Tue Jul 21 2020 00:53:28 GMT+0700 (Indochina Time)','admin3'),(83,999,-999,'Tue Jul 21 2020 00:53:28 GMT+0700 (Indochina Time)','admin3'),(84,999,-999,'Tue Jul 21 2020 00:53:28 GMT+0700 (Indochina Time)','admin3'),(85,999,-999,'Tue Jul 21 2020 00:53:28 GMT+0700 (Indochina Time)','admin3'),(86,999,-999,'Tue Jul 21 2020 00:53:28 GMT+0700 (Indochina Time)','admin3'),(87,999,-999,'Tue Jul 21 2020 00:53:28 GMT+0700 (Indochina Time)','admin3'),(88,999,-999,'Tue Jul 21 2020 01:05:50 GMT+0700 (Indochina Time)','admin3'),(89,999,-999,'Tue Jul 21 2020 01:05:50 GMT+0700 (Indochina Time)','admin3'),(90,999,-999,'Tue Jul 21 2020 01:09:14 GMT+0700 (Indochina Time)','admin3'),(91,999,-999,'Tue Jul 21 2020 01:09:14 GMT+0700 (Indochina Time)','admin3'),(92,999,-999,'Tue Jul 21 2020 01:09:14 GMT+0700 (Indochina Time)','admin3'),(93,999,-999,'Tue Jul 21 2020 01:09:14 GMT+0700 (Indochina Time)','admin3'),(94,999,-999,'Tue Jul 21 2020 01:09:14 GMT+0700 (Indochina Time)','admin3'),(95,999,-999,'Tue Jul 21 2020 01:09:14 GMT+0700 (Indochina Time)','admin3'),(96,999,-999,'Tue Jul 21 2020 01:09:14 GMT+0700 (Indochina Time)','admin3'),(97,999,-999,'Tue Jul 21 2020 01:09:14 GMT+0700 (Indochina Time)','admin3'),(98,999,-999,'Tue Jul 21 2020 01:09:14 GMT+0700 (Indochina Time)','admin3'),(99,999,-999,'Tue Jul 21 2020 01:09:14 GMT+0700 (Indochina Time)','admin3'),(100,999,-999,'Tue Jul 21 2020 01:09:14 GMT+0700 (Indochina Time)','admin3'),(101,999,-999,'Tue Jul 21 2020 01:09:14 GMT+0700 (Indochina Time)','admin3'),(102,999,-999,'Tue Jul 21 2020 01:09:14 GMT+0700 (Indochina Time)','admin3'),(103,999,-999,'Tue Jul 21 2020 01:09:14 GMT+0700 (Indochina Time)','admin3'),(104,999,-999,'Tue Jul 21 2020 01:09:14 GMT+0700 (Indochina Time)','admin3'),(105,999,-999,'Tue Jul 21 2020 01:09:14 GMT+0700 (Indochina Time)','admin3'),(106,999,-999,'Tue Jul 21 2020 01:09:14 GMT+0700 (Indochina Time)','admin3'),(107,999,-999,'Tue Jul 21 2020 01:09:14 GMT+0700 (Indochina Time)','admin3'),(108,999,-999,'Tue Jul 21 2020 01:28:02 GMT+0700 (Indochina Time)','admin3'),(109,999,-999,'Tue Jul 21 2020 01:28:02 GMT+0700 (Indochina Time)','admin3'),(110,999,-999,'Tue Jul 21 2020 01:33:52 GMT+0700 (Indochina Time)','admin3'),(111,999,-999,'Tue Jul 21 2020 01:33:52 GMT+0700 (Indochina Time)','admin3'),(112,999,-999,'Tue Jul 21 2020 01:33:52 GMT+0700 (Indochina Time)','admin3'),(113,999,-999,'Tue Jul 21 2020 01:33:52 GMT+0700 (Indochina Time)','admin3'),(114,999,-999,'Tue Jul 21 2020 01:33:52 GMT+0700 (Indochina Time)','admin3'),(115,999,-999,'Tue Jul 21 2020 01:33:52 GMT+0700 (Indochina Time)','admin3'),(116,999,-999,'Tue Jul 21 2020 01:33:52 GMT+0700 (Indochina Time)','admin3'),(117,999,-999,'Tue Jul 21 2020 01:33:52 GMT+0700 (Indochina Time)','admin3'),(118,999,-999,'Tue Jul 21 2020 01:33:52 GMT+0700 (Indochina Time)','admin3'),(119,999,-999,'Tue Jul 21 2020 12:23:54 GMT+0700 (Indochina Time)','admin3'),(120,999,-999,'Tue Jul 21 2020 12:23:54 GMT+0700 (Indochina Time)','admin3'),(121,999,-999,'Tue Jul 21 2020 12:23:54 GMT+0700 (Indochina Time)','admin3'),(122,999,-999,'Tue Jul 21 2020 12:23:54 GMT+0700 (Indochina Time)','admin3'),(123,999,-999,'Tue Jul 21 2020 12:23:54 GMT+0700 (Indochina Time)','admin3'),(124,999,-999,'Tue Jul 21 2020 12:23:54 GMT+0700 (Indochina Time)','admin3'),(125,30,20,'Tue Jul 21 2020 12:23:54 GMT+0700 (Indochina Time)','admin3'),(126,30,20,'Tue Jul 21 2020 12:23:54 GMT+0700 (Indochina Time)','admin3'),(127,999,-999,'Tue Jul 21 2020 12:29:12 GMT+0700 (Indochina Time)','admin3'),(128,30,20,'Tue Jul 21 2020 12:29:12 GMT+0700 (Indochina Time)','admin3'),(129,999,-999,'Tue Jul 21 2020 13:08:28 GMT+0700 (Indochina Time)','admin3'),(130,999,-999,'Tue Jul 21 2020 13:08:28 GMT+0700 (Indochina Time)','admin3'),(131,999,-999,'Tue Jul 21 2020 13:08:54 GMT+0700 (Indochina Time)','admin3'),(132,999,-999,'Tue Jul 21 2020 13:08:54 GMT+0700 (Indochina Time)','admin3'),(133,30,20,'Tue Jul 21 2020 13:08:54 GMT+0700 (Indochina Time)','admin3'),(134,999,-999,'Tue Jul 21 2020 13:08:54 GMT+0700 (Indochina Time)','admin3'),(135,999,-999,'Tue Jul 21 2020 13:08:54 GMT+0700 (Indochina Time)','admin3'),(136,999,-999,'Tue Jul 21 2020 13:08:54 GMT+0700 (Indochina Time)','admin3'),(137,999,-999,'Tue Jul 21 2020 13:08:54 GMT+0700 (Indochina Time)','admin3'),(138,30,20,'Tue Jul 21 2020 13:08:54 GMT+0700 (Indochina Time)','admin3'),(139,999,-999,'Tue Jul 21 2020 13:17:15 GMT+0700 (Indochina Time)','admin3'),(140,30,20,'Tue Jul 21 2020 13:19:59 GMT+0700 (Indochina Time)','admin3'),(141,25,20,'Tue Jul 21 2020 13:24:36 GMT+0700 (Indochina Time)','admin3'),(142,30,20,'Tue Jul 21 2020 13:27:11 GMT+0700 (Indochina Time)','admin3'),(143,999,-999,'Tue Jul 21 2020 13:27:11 GMT+0700 (Indochina Time)','admin3'),(144,30,20,'Tue Jul 21 2020 13:27:11 GMT+0700 (Indochina Time)','admin3'),(145,999,-999,'Tue Jul 21 2020 13:27:11 GMT+0700 (Indochina Time)','admin3'),(146,999,-999,'Tue Jul 21 2020 13:27:11 GMT+0700 (Indochina Time)','admin3'),(147,999,-999,'Tue Jul 21 2020 13:27:11 GMT+0700 (Indochina Time)','admin3'),(148,30,20,'Tue Jul 21 2020 13:36:38 GMT+0700 (Indochina Time)','admin3'),(149,999,-999,'Tue Jul 21 2020 13:40:24 GMT+0700 (Indochina Time)','admin3'),(150,30,20,'Tue Jul 21 2020 13:45:21 GMT+0700 (Indochina Time)','admin3'),(151,30,20,'Tue Jul 21 2020 13:45:21 GMT+0700 (Indochina Time)','admin3'),(152,30,20,'Tue Jul 21 2020 13:45:21 GMT+0700 (Indochina Time)','admin3'),(153,999,-999,'Tue Jul 21 2020 13:45:21 GMT+0700 (Indochina Time)','admin3'),(154,999,-999,'Tue Jul 21 2020 13:45:21 GMT+0700 (Indochina Time)','admin3'),(155,30,20,'Tue Jul 21 2020 13:45:21 GMT+0700 (Indochina Time)','admin3'),(156,30,20,'Tue Jul 21 2020 13:50:38 GMT+0700 (Indochina Time)','admin3'),(157,999,-999,'Tue Jul 21 2020 13:50:38 GMT+0700 (Indochina Time)','admin3'),(158,30,20,'Tue Jul 21 2020 14:02:07 GMT+0700 (Indochina Time)','admin3'),(159,30,20,'Tue Jul 21 2020 14:04:56 GMT+0700 (Indochina Time)','admin3'),(160,30,20,'Tue Jul 21 2020 14:12:12 GMT+0700 (Indochina Time)','admin3'),(161,999,-999,'Tue Jul 21 2020 14:12:12 GMT+0700 (Indochina Time)','admin3'),(162,30,20,'Tue Jul 21 2020 14:12:12 GMT+0700 (Indochina Time)','admin3'),(163,999,-999,'Tue Jul 21 2020 14:15:58 GMT+0700 (Indochina Time)','admin3'),(164,999,-999,'Tue Jul 21 2020 14:19:49 GMT+0700 (Indochina Time)','admin3'),(165,30,20,'Tue Jul 21 2020 14:19:49 GMT+0700 (Indochina Time)','admin3'),(166,30,20,'Tue Jul 21 2020 14:19:49 GMT+0700 (Indochina Time)','admin3'),(167,999,-999,'Tue Jul 21 2020 14:19:49 GMT+0700 (Indochina Time)','admin3'),(168,30,20,'Tue Jul 21 2020 14:19:49 GMT+0700 (Indochina Time)','admin3'),(169,30,20,'Tue Jul 21 2020 14:24:38 GMT+0700 (Indochina Time)','admin3'),(170,30,20,'Tue Jul 21 2020 14:30:49 GMT+0700 (Indochina Time)','admin3'),(171,999,-999,'Tue Jul 21 2020 14:30:49 GMT+0700 (Indochina Time)','admin3'),(172,999,-999,'Tue Jul 21 2020 14:30:49 GMT+0700 (Indochina Time)','admin3'),(173,999,-999,'Tue Jul 21 2020 14:35:55 GMT+0700 (Indochina Time)','admin3'),(174,30,20,'Tue Jul 21 2020 16:39:41 GMT+0700 (Indochina Time)','admin3'),(175,30,20,'Tue Jul 21 2020 16:39:41 GMT+0700 (Indochina Time)','admin3'),(176,30,20,'Tue Jul 21 2020 16:39:41 GMT+0700 (Indochina Time)','admin3'),(177,30,20,'Tue Jul 21 2020 16:39:41 GMT+0700 (Indochina Time)','admin3'),(178,30,20,'Tue Jul 21 2020 16:39:41 GMT+0700 (Indochina Time)','admin3'),(179,30,20,'Tue Jul 21 2020 16:39:41 GMT+0700 (Indochina Time)','admin3'),(180,30,20,'Tue Jul 21 2020 16:39:41 GMT+0700 (Indochina Time)','admin3'),(181,30,20,'Tue Jul 21 2020 16:39:41 GMT+0700 (Indochina Time)','admin3'),(182,30,20,'Tue Jul 21 2020 16:39:41 GMT+0700 (Indochina Time)','admin3'),(183,30,20,'Tue Jul 21 2020 16:48:26 GMT+0700 (Indochina Time)','admin3'),(184,999,-999,'Tue Jul 21 2020 16:48:26 GMT+0700 (Indochina Time)','admin3'),(185,30,20,'Tue Jul 21 2020 16:48:26 GMT+0700 (Indochina Time)','admin3'),(186,999,-999,'Tue Jul 21 2020 16:48:26 GMT+0700 (Indochina Time)','admin3'),(187,30,20,'Tue Jul 21 2020 16:48:26 GMT+0700 (Indochina Time)','admin3'),(188,999,-999,'Tue Jul 21 2020 16:48:26 GMT+0700 (Indochina Time)','admin3'),(189,30,20,'Tue Jul 21 2020 16:48:26 GMT+0700 (Indochina Time)','admin3'),(190,999,-999,'Tue Jul 21 2020 16:48:26 GMT+0700 (Indochina Time)','admin3'),(191,999,-999,'Tue Jul 21 2020 16:48:26 GMT+0700 (Indochina Time)','admin3'),(192,999,-999,'Tue Jul 21 2020 16:48:26 GMT+0700 (Indochina Time)','admin3'),(193,999,-999,'Tue Jul 21 2020 16:48:26 GMT+0700 (Indochina Time)','admin3');
/*!40000 ALTER TABLE `Gioihannhietdo` ENABLE KEYS */;
UNLOCK TABLES;

--
-- Table structure for table `Motor`
--

DROP TABLE IF EXISTS `Motor`;
/*!40101 SET @saved_cs_client     = @@character_set_client */;
/*!50503 SET character_set_client = utf8mb4 */;
CREATE TABLE `Motor` (
  `idMotor` int NOT NULL AUTO_INCREMENT,
  `trangthai` varchar(45) DEFAULT NULL,
  `value` int DEFAULT NULL,
  `thoigian` varchar(100) DEFAULT NULL,
  `device` varchar(45) DEFAULT NULL,
  `auto` binary(1) DEFAULT NULL,
  `username` varchar(45) DEFAULT NULL,
  `idcambien` varchar(45) DEFAULT NULL,
  PRIMARY KEY (`idMotor`)
) ENGINE=InnoDB AUTO_INCREMENT=623 DEFAULT CHARSET=utf8mb4 COLLATE=utf8mb4_0900_ai_ci;
/*!40101 SET character_set_client = @saved_cs_client */;

--
-- Dumping data for table `Motor`
--

LOCK TABLES `Motor` WRITE;
/*!40000 ALTER TABLE `Motor` DISABLE KEYS */;
INSERT INTO `Motor` VALUES (4,'1',100,NULL,'Speaker',NULL,NULL,NULL),(5,'1',50,NULL,'Speaker',NULL,NULL,NULL),(6,'1',60,NULL,'Speaker',NULL,NULL,NULL),(7,'1',60,NULL,'Speaker',NULL,NULL,NULL),(8,'1',60,NULL,'Speaker',NULL,NULL,NULL),(9,'1',70,NULL,'Speaker',NULL,NULL,NULL),(10,'0',70,NULL,'Speaker',NULL,NULL,NULL),(11,'1',70,NULL,'Speaker',NULL,NULL,NULL),(12,'0',70,NULL,'Speaker',NULL,NULL,NULL),(13,'1',70,NULL,'Speaker',NULL,NULL,NULL),(14,'1',70,NULL,'Speaker',NULL,NULL,NULL),(15,'1',70,NULL,'Speaker',NULL,NULL,NULL),(16,'1',70,NULL,'Speaker',NULL,NULL,NULL),(17,'1',80,NULL,'Speaker',NULL,NULL,NULL),(18,'1',80,NULL,'Speaker',NULL,NULL,NULL),(19,'0',80,NULL,'Speaker',NULL,NULL,NULL),(20,'1',80,NULL,'Speaker',NULL,NULL,NULL),(21,'0',80,NULL,'Speaker',NULL,NULL,NULL),(22,'1',80,NULL,'Speaker',NULL,NULL,NULL),(23,'0',80,NULL,'Speaker',NULL,NULL,NULL),(24,'0',80,NULL,'Speaker',NULL,NULL,NULL),(25,'1',80,NULL,'Speaker',NULL,NULL,NULL),(26,'0',80,NULL,'Speaker',NULL,NULL,NULL),(27,'1',80,NULL,'Speaker',NULL,NULL,NULL),(28,'0',0,NULL,'Speaker',NULL,NULL,NULL),(29,'0',0,NULL,'Speaker',NULL,NULL,NULL),(30,'0',0,NULL,'Speaker',NULL,NULL,NULL),(31,'0',0,NULL,'Speaker',NULL,NULL,NULL),(32,'0',0,NULL,'Speaker',NULL,NULL,NULL),(33,'0',0,NULL,'Speaker',NULL,NULL,NULL),(34,'0',0,NULL,'Speaker',NULL,NULL,NULL),(35,'0',0,NULL,'Speaker',NULL,NULL,NULL),(36,'0',0,NULL,'Speaker',NULL,NULL,NULL),(37,'0',0,NULL,'Speaker',NULL,NULL,NULL),(38,'0',0,NULL,'Speaker',NULL,NULL,NULL),(39,'0',0,NULL,'Speaker',NULL,NULL,NULL),(40,'0',0,NULL,'Speaker',NULL,NULL,NULL),(41,'0',0,NULL,'Speaker',NULL,NULL,NULL),(42,'0',0,NULL,'Speaker',NULL,NULL,NULL),(43,'0',0,NULL,'Speaker',NULL,NULL,NULL),(44,'0',0,NULL,'Speaker',NULL,NULL,NULL),(45,'0',0,NULL,'Speaker',NULL,NULL,NULL),(46,'0',0,NULL,'Speaker',NULL,NULL,NULL),(47,'0',0,NULL,'Speaker',NULL,NULL,NULL),(48,'0',0,NULL,'Speaker',NULL,NULL,NULL),(49,'0',0,NULL,'Speaker',NULL,NULL,NULL),(50,'0',0,NULL,'Speaker',NULL,NULL,NULL),(51,'0',0,NULL,'Speaker',NULL,NULL,NULL),(52,'0',0,NULL,'Speaker',NULL,NULL,NULL),(53,'0',0,NULL,'Speaker',NULL,NULL,NULL),(54,'0',0,NULL,'Speaker',NULL,NULL,NULL),(55,'0',0,NULL,'Speaker',NULL,NULL,NULL),(56,'0',0,NULL,'Speaker',NULL,NULL,NULL),(57,'0',0,NULL,'Speaker',NULL,NULL,NULL),(58,'0',0,NULL,'Speaker',NULL,NULL,NULL),(59,'0',0,NULL,'Speaker',NULL,NULL,NULL),(60,'0',0,NULL,'Speaker',NULL,NULL,NULL),(61,'0',0,NULL,'Speaker',NULL,NULL,NULL),(62,'0',0,NULL,'Speaker',NULL,NULL,NULL),(63,'0',0,NULL,'Speaker',NULL,NULL,NULL),(64,'0',0,NULL,'Speaker',NULL,NULL,NULL),(65,'0',0,NULL,'Speaker',NULL,NULL,NULL),(66,'0',0,NULL,'Speaker',NULL,NULL,NULL),(67,'0',0,NULL,'Speaker',NULL,NULL,NULL),(68,'0',0,NULL,'Speaker',NULL,NULL,NULL),(69,'0',0,NULL,'Speaker',NULL,NULL,NULL),(70,'0',0,NULL,'Speaker',NULL,NULL,NULL),(71,'0',0,NULL,'Speaker',NULL,NULL,NULL),(72,'0',0,NULL,'Speaker',NULL,NULL,NULL),(73,'0',0,NULL,'Speaker',NULL,NULL,NULL),(74,'0',0,NULL,'Speaker',NULL,NULL,NULL),(75,'0',0,NULL,'Speaker',NULL,NULL,NULL),(76,'0',0,NULL,'Speaker',NULL,NULL,NULL),(77,'0',0,NULL,'Speaker',NULL,NULL,NULL),(78,'0',0,NULL,'Speaker',NULL,NULL,NULL),(79,'0',0,NULL,'Speaker',NULL,NULL,NULL),(80,'0',0,NULL,'Speaker',NULL,NULL,NULL),(81,'0',0,NULL,'Speaker',NULL,NULL,NULL),(82,'0',0,NULL,'Speaker',NULL,NULL,NULL),(83,'1',80,NULL,'Speaker',NULL,NULL,NULL),(84,'1',80,NULL,'Speaker',NULL,NULL,NULL),(85,'1',80,NULL,'Speaker',NULL,NULL,NULL),(86,'0',80,NULL,'Speaker',NULL,NULL,NULL),(87,'1',80,NULL,'Speaker',NULL,NULL,NULL),(88,'1',80,NULL,'Speaker',NULL,NULL,NULL),(89,'0',80,NULL,'Speaker',NULL,NULL,NULL),(90,'1',80,NULL,'Speaker',NULL,NULL,NULL),(91,'0',80,NULL,'Speaker',NULL,NULL,NULL),(92,'1',40,NULL,'Speaker',NULL,NULL,NULL),(93,'0',80,NULL,'Speaker',NULL,NULL,NULL),(94,'1',40,NULL,'Speaker',NULL,NULL,NULL),(95,'1',80,NULL,'Speaker',NULL,NULL,NULL),(96,'0',80,NULL,'Speaker',NULL,NULL,NULL),(97,'0',80,NULL,'Speaker',NULL,NULL,NULL),(98,'1',40,NULL,'Speaker',NULL,NULL,NULL),(99,'1',40,NULL,'Speaker',NULL,NULL,NULL),(100,'1',40,NULL,'Speaker',NULL,NULL,NULL),(101,'0',80,NULL,'Speaker',NULL,NULL,NULL),(102,'1',40,NULL,'Speaker',NULL,NULL,NULL),(103,'0',80,NULL,'Speaker',NULL,NULL,NULL),(104,'1',80,NULL,'Speaker',NULL,NULL,NULL),(105,'0',80,NULL,'Speaker',NULL,NULL,NULL),(106,'1',80,NULL,'Speaker',NULL,NULL,NULL),(107,'0',80,NULL,'Speaker',NULL,NULL,NULL),(108,'1',80,NULL,'Speaker',NULL,NULL,NULL),(109,'1',5000,NULL,'Speaker',NULL,NULL,NULL),(110,'1',0,NULL,'Speaker',NULL,NULL,NULL),(111,'1',2500,NULL,'Speaker',NULL,NULL,NULL),(112,'1',5000,NULL,'Speaker',NULL,NULL,NULL),(113,'1',0,NULL,'Speaker',NULL,NULL,NULL),(114,'1',2500,NULL,'Speaker',NULL,NULL,NULL),(115,'1',0,NULL,'Speaker',NULL,NULL,NULL),(116,'1',5000,NULL,'Speaker',NULL,NULL,NULL),(117,'1',2500,NULL,'Speaker',NULL,NULL,NULL),(118,'1',0,NULL,'Speaker',NULL,NULL,NULL),(119,'1',2500,NULL,'Speaker',NULL,NULL,NULL),(120,'1',0,NULL,'Speaker',NULL,NULL,NULL),(121,'1',5000,NULL,'Speaker',NULL,NULL,NULL),(122,'1',80,'Fri Jun 19 2020 22:01:53 GMT+0700 (Indochina Time)','Speaker',NULL,NULL,NULL),(123,'1',80,'Fri Jun 19 2020 22:02:19 GMT+0700 (Indochina Time)','Speaker',NULL,NULL,NULL),(124,'1',80,'Fri Jun 19 2020 22:02:27 GMT+0700 (Indochina Time)','Speaker',NULL,NULL,NULL),(125,'1',80,'Fri Jun 19 2020 22:02:29 GMT+0700 (Indochina Time)','Speaker',NULL,NULL,NULL),(126,'0',80,'Fri Jun 19 2020 22:02:29 GMT+0700 (Indochina Time)','Speaker',NULL,NULL,NULL),(127,'0',80,'Fri Jun 19 2020 22:02:29 GMT+0700 (Indochina Time)','Speaker',NULL,NULL,NULL),(128,'1',80,'Fri Jun 19 2020 22:02:29 GMT+0700 (Indochina Time)','Speaker',NULL,NULL,NULL),(129,'1',80,'Sat Jun 20 2020 12:55:47 GMT+0700 (Indochina Time)','Speaker',NULL,NULL,NULL),(130,'0',80,'Sat Jun 20 2020 12:55:47 GMT+0700 (Indochina Time)','Speaker',NULL,NULL,NULL),(131,'1',80,'Sat Jun 20 2020 13:03:52 GMT+0700 (Indochina Time)','Speaker',NULL,NULL,NULL),(132,'1',80,'Sat Jun 20 2020 13:03:55 GMT+0700 (Indochina Time)','Speaker',NULL,NULL,NULL),(133,'1',80,'Sat Jun 20 2020 13:04:04 GMT+0700 (Indochina Time)','Speaker',NULL,NULL,NULL),(134,'1',80,'Sat Jun 20 2020 13:04:10 GMT+0700 (Indochina Time)','Speaker',NULL,NULL,NULL),(135,'1',80,'Sat Jun 20 2020 13:04:13 GMT+0700 (Indochina Time)','Speaker',NULL,NULL,NULL),(136,'1',80,'Sat Jun 20 2020 13:04:17 GMT+0700 (Indochina Time)','Speaker',NULL,NULL,NULL),(137,'1',3882,'Sat Jun 20 2020 13:04:26 GMT+0700 (Indochina Time)','Speaker',NULL,NULL,NULL),(138,'1',80,'Sat Jun 20 2020 13:04:26 GMT+0700 (Indochina Time)','Speaker',NULL,NULL,NULL),(139,'1',80,'Sat Jun 20 2020 13:04:26 GMT+0700 (Indochina Time)','Speaker',NULL,NULL,NULL),(140,'1',3882,'Sat Jun 20 2020 13:05:08 GMT+0700 (Indochina Time)','Speaker',NULL,NULL,NULL),(141,'1',80,'Sat Jun 20 2020 13:05:08 GMT+0700 (Indochina Time)','Speaker',NULL,NULL,NULL),(142,'1',3882,'Sat Jun 20 2020 13:06:12 GMT+0700 (Indochina Time)','Speaker',NULL,NULL,NULL),(143,'1',80,'Sat Jun 20 2020 13:06:12 GMT+0700 (Indochina Time)','Speaker',NULL,NULL,NULL),(144,'1',80,'Sat Jun 20 2020 13:06:47 GMT+0700 (Indochina Time)','Speaker',NULL,NULL,NULL),(145,'1',80,'Sat Jun 20 2020 13:06:57 GMT+0700 (Indochina Time)','Speaker',NULL,NULL,NULL),(146,'1',3999,'Sat Jun 20 2020 13:07:08 GMT+0700 (Indochina Time)','Speaker',NULL,NULL,NULL),(147,'1',80,'Sat Jun 20 2020 13:07:08 GMT+0700 (Indochina Time)','Speaker',NULL,NULL,NULL),(148,'1',0,'Sat Jun 20 2020 13:14:05 GMT+0700 (Indochina Time)','Speaker',NULL,NULL,NULL),(149,'1',80,'Sat Jun 20 2020 13:14:05 GMT+0700 (Indochina Time)','Speaker',NULL,NULL,NULL),(150,'1',80,'Sat Jun 20 2020 13:14:05 GMT+0700 (Indochina Time)','Speaker',NULL,NULL,NULL),(151,'1',80,'Sat Jun 20 2020 13:14:05 GMT+0700 (Indochina Time)','Speaker',NULL,NULL,NULL),(152,'1',80,'Sat Jun 20 2020 13:14:05 GMT+0700 (Indochina Time)','Speaker',NULL,NULL,NULL),(153,'1',80,'Sat Jun 20 2020 13:14:05 GMT+0700 (Indochina Time)','Speaker',NULL,NULL,NULL),(154,'1',80,'Sat Jun 20 2020 13:14:05 GMT+0700 (Indochina Time)','Speaker',NULL,NULL,NULL),(155,'1',80,'Sat Jun 20 2020 13:14:05 GMT+0700 (Indochina Time)','Speaker',NULL,NULL,NULL),(156,'0',80,'Sat Jun 20 2020 13:14:05 GMT+0700 (Indochina Time)','Speaker',NULL,NULL,NULL),(157,'1',80,'Sat Jun 20 2020 13:14:05 GMT+0700 (Indochina Time)','Speaker',NULL,NULL,NULL),(158,'1',80,'Sat Jun 20 2020 13:14:05 GMT+0700 (Indochina Time)','Speaker',NULL,NULL,NULL),(159,'1',80,'Sat Jun 20 2020 13:14:05 GMT+0700 (Indochina Time)','Speaker',NULL,NULL,NULL),(160,'1',80,'Sat Jun 20 2020 13:14:05 GMT+0700 (Indochina Time)','Speaker',NULL,NULL,NULL),(161,'1',0,'Sat Jun 20 2020 13:15:54 GMT+0700 (Indochina Time)','Speaker',NULL,NULL,NULL),(162,'1',80,'Sat Jun 20 2020 13:15:54 GMT+0700 (Indochina Time)','Speaker',NULL,NULL,NULL),(163,'1',0,'Sat Jun 20 2020 13:15:58 GMT+0700 (Indochina Time)','Speaker',NULL,NULL,NULL),(164,'1',80,'Sat Jun 20 2020 13:15:58 GMT+0700 (Indochina Time)','Speaker',NULL,NULL,NULL),(165,'1',80,'Sat Jun 20 2020 13:15:58 GMT+0700 (Indochina Time)','Speaker',NULL,NULL,NULL),(166,'1',0,'Sat Jun 20 2020 13:16:02 GMT+0700 (Indochina Time)','Speaker',NULL,NULL,NULL),(167,'0',80,'Sat Jun 20 2020 13:16:02 GMT+0700 (Indochina Time)','Speaker',NULL,NULL,NULL),(168,'0',80,'Sat Jun 20 2020 13:16:02 GMT+0700 (Indochina Time)','Speaker',NULL,NULL,NULL),(169,'0',80,'Sat Jun 20 2020 13:16:02 GMT+0700 (Indochina Time)','Speaker',NULL,NULL,NULL),(170,'0',80,'Sat Jun 20 2020 13:16:02 GMT+0700 (Indochina Time)','Speaker',NULL,NULL,NULL),(171,'0',80,'Sat Jun 20 2020 13:16:02 GMT+0700 (Indochina Time)','Speaker',NULL,NULL,NULL),(172,'0',80,'Sat Jun 20 2020 13:16:02 GMT+0700 (Indochina Time)','Speaker',NULL,NULL,NULL),(173,'1',80,'Mon Jun 22 2020 15:12:10 GMT+0700 (Indochina Time)','Speaker',NULL,NULL,NULL),(174,'0',80,'Mon Jul 06 2020 15:11:02 GMT+0700 (Indochina Time)','Speaker',NULL,NULL,NULL),(175,'1',80,'Mon Jul 06 2020 16:02:32 GMT+0700 (Indochina Time)','Speaker',NULL,NULL,NULL),(176,'1',80,'Mon Jul 06 2020 16:04:35 GMT+0700 (Indochina Time)','Speaker',NULL,NULL,NULL),(177,'1',80,'Mon Jul 06 2020 16:04:49 GMT+0700 (Indochina Time)','Speaker',NULL,NULL,NULL),(178,'1',80,'Mon Jul 06 2020 16:04:51 GMT+0700 (Indochina Time)','Speaker',NULL,NULL,NULL),(179,'0',80,'Mon Jul 06 2020 16:04:51 GMT+0700 (Indochina Time)','Speaker',NULL,NULL,NULL),(180,'1',80,'Mon Jul 06 2020 16:04:51 GMT+0700 (Indochina Time)','Speaker',NULL,NULL,NULL),(181,'1',80,'Mon Jul 06 2020 16:11:35 GMT+0700 (Indochina Time)','Speaker',NULL,NULL,NULL),(182,'0',80,'Mon Jul 06 2020 16:11:35 GMT+0700 (Indochina Time)','Speaker',NULL,NULL,NULL),(183,'1',80,'Sun Jul 19 2020 21:29:30 GMT+0700 (Indochina Time)','Speaker',NULL,NULL,NULL),(184,'1',80,'Sun Jul 19 2020 23:21:35 GMT+0700 (Indochina Time)','Speaker',NULL,NULL,NULL),(185,'1',80,'Sun Jul 19 2020 23:26:23 GMT+0700 (Indochina Time)','Speaker',NULL,NULL,NULL),(186,'1',80,'Sun Jul 19 2020 23:26:27 GMT+0700 (Indochina Time)','Speaker',NULL,NULL,NULL),(187,'1',80,'Sun Jul 19 2020 23:26:33 GMT+0700 (Indochina Time)','Speaker',NULL,NULL,NULL),(188,'1',80,'Sun Jul 19 2020 23:26:47 GMT+0700 (Indochina Time)','Speaker',NULL,NULL,NULL),(189,'1',80,'Sun Jul 19 2020 23:26:51 GMT+0700 (Indochina Time)','Speaker',NULL,NULL,NULL),(190,'1',80,'Sun Jul 19 2020 23:28:04 GMT+0700 (Indochina Time)','Speaker',NULL,NULL,NULL),(191,'1',80,'Sun Jul 19 2020 23:28:31 GMT+0700 (Indochina Time)','Speaker',NULL,NULL,NULL),(192,'1',80,'Sun Jul 19 2020 23:28:51 GMT+0700 (Indochina Time)','Speaker',NULL,NULL,NULL),(193,'1',80,'Sun Jul 19 2020 23:29:55 GMT+0700 (Indochina Time)','Speaker',NULL,NULL,NULL),(194,'1',80,'Sun Jul 19 2020 23:30:34 GMT+0700 (Indochina Time)','Speaker',NULL,NULL,NULL),(195,'1',80,'Sun Jul 19 2020 23:30:46 GMT+0700 (Indochina Time)','Speaker',NULL,NULL,NULL),(196,'1',80,'Sun Jul 19 2020 23:30:58 GMT+0700 (Indochina Time)','Speaker',NULL,NULL,NULL),(197,'1',80,'Sun Jul 19 2020 23:31:23 GMT+0700 (Indochina Time)','Speaker',NULL,NULL,NULL),(198,'1',80,'Sun Jul 19 2020 23:31:26 GMT+0700 (Indochina Time)','Speaker',NULL,NULL,NULL),(199,'1',80,'Sun Jul 19 2020 23:31:32 GMT+0700 (Indochina Time)','Speaker',NULL,NULL,NULL),(200,'1',80,'Sun Jul 19 2020 23:31:49 GMT+0700 (Indochina Time)','Speaker',NULL,NULL,NULL),(201,'1',80,'Sun Jul 19 2020 23:59:50 GMT+0700 (Indochina Time)','Speaker',NULL,NULL,NULL),(202,'1',80,'Mon Jul 20 2020 00:00:47 GMT+0700 (Indochina Time)','Speaker',NULL,NULL,NULL),(203,'1',80,'Mon Jul 20 2020 00:39:09 GMT+0700 (Indochina Time)','Speaker',NULL,NULL,NULL),(204,'1',80,'Mon Jul 20 2020 00:39:09 GMT+0700 (Indochina Time)','Speaker',NULL,NULL,NULL),(205,'1',80,'Mon Jul 20 2020 01:22:52 GMT+0700 (Indochina Time)','Speaker',NULL,NULL,NULL),(206,'1',80,'Mon Jul 20 2020 01:23:05 GMT+0700 (Indochina Time)','Speaker',NULL,NULL,NULL),(207,'1',80,'Mon Jul 20 2020 01:23:08 GMT+0700 (Indochina Time)','Speaker',NULL,NULL,NULL),(208,'1',80,'Mon Jul 20 2020 01:23:11 GMT+0700 (Indochina Time)','Speaker',NULL,NULL,NULL),(209,'1',80,'Mon Jul 20 2020 01:23:16 GMT+0700 (Indochina Time)','Speaker',NULL,NULL,NULL),(210,'1',80,'Mon Jul 20 2020 01:23:18 GMT+0700 (Indochina Time)','Speaker',NULL,NULL,NULL),(211,'1',80,'Mon Jul 20 2020 01:23:22 GMT+0700 (Indochina Time)','Speaker',NULL,NULL,NULL),(212,'1',80,'Mon Jul 20 2020 01:25:18 GMT+0700 (Indochina Time)','Speaker',NULL,NULL,NULL),(213,'1',80,'Mon Jul 20 2020 01:25:36 GMT+0700 (Indochina Time)','Speaker',NULL,NULL,NULL),(214,'1',80,'Mon Jul 20 2020 01:25:39 GMT+0700 (Indochina Time)','Speaker',NULL,NULL,NULL),(215,'1',80,'Mon Jul 20 2020 01:27:33 GMT+0700 (Indochina Time)','Speaker',NULL,NULL,NULL),(216,'1',80,'Mon Jul 20 2020 03:32:39 GMT+0700 (Indochina Time)','Speaker',NULL,NULL,NULL),(217,'1',80,'Mon Jul 20 2020 03:32:39 GMT+0700 (Indochina Time)','Speaker',NULL,NULL,NULL),(218,'1',80,'Mon Jul 20 2020 03:32:39 GMT+0700 (Indochina Time)','Speaker',NULL,NULL,NULL),(219,'1',80,'Mon Jul 20 2020 04:45:59 GMT+0700 (Indochina Time)','Speaker',NULL,NULL,NULL),(220,'1',80,'Mon Jul 20 2020 14:07:38 GMT+0700 (Indochina Time)','Speaker',NULL,NULL,NULL),(221,'1',80,'Mon Jul 20 2020 18:38:31 GMT+0700 (Indochina Time)','Speaker',NULL,NULL,NULL),(222,'1',80,'Mon Jul 20 2020 19:25:32 GMT+0700 (Indochina Time)','Speaker',NULL,NULL,NULL),(223,'1',80,'Mon Jul 20 2020 20:05:48 GMT+0700 (Indochina Time)','Speaker',NULL,NULL,NULL),(224,'1',80,'Mon Jul 20 2020 20:07:33 GMT+0700 (Indochina Time)','Speaker',NULL,NULL,NULL),(225,'1',80,'Mon Jul 20 2020 20:09:16 GMT+0700 (Indochina Time)','Speaker',NULL,NULL,NULL),(226,'1',80,'Mon Jul 20 2020 20:09:19 GMT+0700 (Indochina Time)','Speaker',NULL,NULL,NULL),(227,'1',80,'Mon Jul 20 2020 20:09:29 GMT+0700 (Indochina Time)','Speaker',NULL,NULL,NULL),(228,'0',80,'Mon Jul 20 2020 20:09:29 GMT+0700 (Indochina Time)','Speaker',NULL,NULL,NULL),(229,'1',80,'Mon Jul 20 2020 20:09:29 GMT+0700 (Indochina Time)','Speaker',NULL,NULL,NULL),(230,'1',80,'Mon Jul 20 2020 22:23:49 GMT+0700 (Indochina Time)','Speaker',NULL,NULL,NULL),(231,'1',80,'Mon Jul 20 2020 22:23:59 GMT+0700 (Indochina Time)','Speaker',NULL,NULL,NULL),(232,'1',80,'Mon Jul 20 2020 22:23:59 GMT+0700 (Indochina Time)','Speaker',NULL,NULL,NULL),(233,'1',80,'Mon Jul 20 2020 22:23:59 GMT+0700 (Indochina Time)','Speaker',NULL,NULL,NULL),(234,'1',80,'Mon Jul 20 2020 22:23:59 GMT+0700 (Indochina Time)','Speaker',NULL,NULL,NULL),(235,'1',80,'Mon Jul 20 2020 22:23:59 GMT+0700 (Indochina Time)','Speaker',NULL,NULL,NULL),(236,'1',80,'Mon Jul 20 2020 22:23:59 GMT+0700 (Indochina Time)','Speaker',NULL,NULL,NULL),(237,'1',80,'Mon Jul 20 2020 23:11:26 GMT+0700 (Indochina Time)','Speaker',NULL,NULL,NULL),(238,'1',80,'Mon Jul 20 2020 23:21:44 GMT+0700 (Indochina Time)','Speaker',NULL,NULL,NULL),(239,'1',80,'Mon Jul 20 2020 23:22:59 GMT+0700 (Indochina Time)','Speaker',NULL,NULL,NULL),(240,'1',80,'Mon Jul 20 2020 23:44:20 GMT+0700 (Indochina Time)','Speaker',NULL,NULL,NULL),(241,'1',80,'Mon Jul 20 2020 23:44:28 GMT+0700 (Indochina Time)','Speaker',NULL,NULL,NULL),(242,'1',80,'Mon Jul 20 2020 23:44:32 GMT+0700 (Indochina Time)','Speaker',NULL,NULL,NULL),(243,'1',80,'Mon Jul 20 2020 23:44:40 GMT+0700 (Indochina Time)','Speaker',NULL,NULL,NULL),(244,'1',80,'Mon Jul 20 2020 23:44:48 GMT+0700 (Indochina Time)','Speaker',NULL,NULL,NULL),(245,'1',80,'Mon Jul 20 2020 23:45:07 GMT+0700 (Indochina Time)','Speaker',NULL,NULL,NULL),(246,'1',80,'Mon Jul 20 2020 23:45:16 GMT+0700 (Indochina Time)','Speaker',NULL,NULL,NULL),(247,'1',80,'Mon Jul 20 2020 23:45:24 GMT+0700 (Indochina Time)','Speaker',NULL,NULL,NULL),(248,'1',80,'Mon Jul 20 2020 23:45:26 GMT+0700 (Indochina Time)','Speaker',NULL,NULL,NULL),(249,'1',80,'Mon Jul 20 2020 23:45:47 GMT+0700 (Indochina Time)','Speaker',NULL,NULL,NULL),(250,'1',80,'Mon Jul 20 2020 23:46:10 GMT+0700 (Indochina Time)','Speaker',NULL,NULL,NULL),(251,'1',80,'Mon Jul 20 2020 23:49:58 GMT+0700 (Indochina Time)','Speaker',NULL,NULL,NULL),(252,'1',80,'Mon Jul 20 2020 23:50:00 GMT+0700 (Indochina Time)','Speaker',NULL,NULL,NULL),(253,'1',80,'Mon Jul 20 2020 23:50:08 GMT+0700 (Indochina Time)','Speaker',NULL,NULL,NULL),(254,'1',80,'Mon Jul 20 2020 23:51:43 GMT+0700 (Indochina Time)','Speaker',NULL,NULL,NULL),(255,'1',80,'Mon Jul 20 2020 23:51:49 GMT+0700 (Indochina Time)','Speaker',NULL,NULL,NULL),(256,'1',80,'Mon Jul 20 2020 23:51:52 GMT+0700 (Indochina Time)','Speaker',NULL,NULL,NULL),(257,'1',80,'Mon Jul 20 2020 23:52:27 GMT+0700 (Indochina Time)','Speaker',NULL,NULL,NULL),(258,'1',80,'Mon Jul 20 2020 23:52:37 GMT+0700 (Indochina Time)','Speaker',NULL,NULL,NULL),(259,'1',80,'Mon Jul 20 2020 23:52:42 GMT+0700 (Indochina Time)','Speaker',NULL,NULL,NULL),(260,'1',80,'Mon Jul 20 2020 23:52:54 GMT+0700 (Indochina Time)','Speaker',NULL,NULL,NULL),(261,'1',80,'Mon Jul 20 2020 23:52:58 GMT+0700 (Indochina Time)','Speaker',NULL,NULL,NULL),(262,'1',80,'Mon Jul 20 2020 23:53:02 GMT+0700 (Indochina Time)','Speaker',NULL,NULL,NULL),(263,'1',80,'Mon Jul 20 2020 23:53:06 GMT+0700 (Indochina Time)','Speaker',NULL,NULL,NULL),(264,'1',80,'Mon Jul 20 2020 23:53:10 GMT+0700 (Indochina Time)','Speaker',NULL,NULL,NULL),(265,'1',80,'Mon Jul 20 2020 23:53:17 GMT+0700 (Indochina Time)','Speaker',NULL,NULL,NULL),(266,'1',80,'Mon Jul 20 2020 23:53:21 GMT+0700 (Indochina Time)','Speaker',NULL,NULL,NULL),(267,'1',80,'Mon Jul 20 2020 23:53:24 GMT+0700 (Indochina Time)','Speaker',NULL,NULL,NULL),(268,'1',80,'Mon Jul 20 2020 23:53:36 GMT+0700 (Indochina Time)','Speaker',NULL,NULL,NULL),(269,'1',80,'Mon Jul 20 2020 23:53:40 GMT+0700 (Indochina Time)','Speaker',NULL,NULL,NULL),(270,'1',80,'Mon Jul 20 2020 23:53:48 GMT+0700 (Indochina Time)','Speaker',NULL,NULL,NULL),(271,'1',80,'Mon Jul 20 2020 23:53:57 GMT+0700 (Indochina Time)','Speaker',NULL,NULL,NULL),(272,'1',80,'Mon Jul 20 2020 23:54:15 GMT+0700 (Indochina Time)','Speaker',NULL,NULL,NULL),(273,'1',80,'Mon Jul 20 2020 23:54:21 GMT+0700 (Indochina Time)','Speaker',NULL,NULL,NULL),(274,'1',80,'Mon Jul 20 2020 23:54:24 GMT+0700 (Indochina Time)','Speaker',NULL,NULL,NULL),(275,'1',80,'Mon Jul 20 2020 23:54:28 GMT+0700 (Indochina Time)','Speaker',NULL,NULL,NULL),(276,'1',80,'Mon Jul 20 2020 23:54:50 GMT+0700 (Indochina Time)','Speaker',NULL,NULL,NULL),(277,'1',80,'Mon Jul 20 2020 23:54:54 GMT+0700 (Indochina Time)','Speaker',NULL,NULL,NULL),(278,'1',80,'Mon Jul 20 2020 23:55:15 GMT+0700 (Indochina Time)','Speaker',NULL,NULL,NULL),(279,'1',80,'Mon Jul 20 2020 23:55:38 GMT+0700 (Indochina Time)','Speaker',NULL,NULL,NULL),(280,'1',80,'Mon Jul 20 2020 23:55:49 GMT+0700 (Indochina Time)','Speaker',NULL,NULL,NULL),(281,'1',80,'Mon Jul 20 2020 23:55:51 GMT+0700 (Indochina Time)','Speaker',NULL,NULL,NULL),(282,'1',80,'Mon Jul 20 2020 23:56:04 GMT+0700 (Indochina Time)','Speaker',NULL,NULL,NULL),(283,'1',80,'Mon Jul 20 2020 23:56:15 GMT+0700 (Indochina Time)','Speaker',NULL,NULL,NULL),(284,'1',80,'Mon Jul 20 2020 23:56:25 GMT+0700 (Indochina Time)','Speaker',NULL,NULL,NULL),(285,'1',80,'Mon Jul 20 2020 23:56:33 GMT+0700 (Indochina Time)','Speaker',NULL,NULL,NULL),(286,'1',80,'Mon Jul 20 2020 23:56:37 GMT+0700 (Indochina Time)','Speaker',NULL,NULL,NULL),(287,'1',80,'Mon Jul 20 2020 23:56:45 GMT+0700 (Indochina Time)','Speaker',NULL,NULL,NULL),(288,'1',80,'Mon Jul 20 2020 23:56:51 GMT+0700 (Indochina Time)','Speaker',NULL,NULL,NULL),(289,'1',80,'Mon Jul 20 2020 23:56:59 GMT+0700 (Indochina Time)','Speaker',NULL,NULL,NULL),(290,'1',80,'Mon Jul 20 2020 23:57:05 GMT+0700 (Indochina Time)','Speaker',NULL,NULL,NULL),(291,'1',80,'Mon Jul 20 2020 23:57:26 GMT+0700 (Indochina Time)','Speaker',NULL,NULL,NULL),(292,'1',80,'Mon Jul 20 2020 23:57:29 GMT+0700 (Indochina Time)','Speaker',NULL,NULL,NULL),(293,'1',80,'Tue Jul 21 2020 00:00:40 GMT+0700 (Indochina Time)','Speaker',NULL,NULL,NULL),(294,'1',80,'Tue Jul 21 2020 00:00:42 GMT+0700 (Indochina Time)','Speaker',NULL,NULL,NULL),(295,'1',80,'Tue Jul 21 2020 00:14:33 GMT+0700 (Indochina Time)','Speaker',_binary '0','admin3',NULL),(296,'1',80,'Tue Jul 21 2020 00:14:33 GMT+0700 (Indochina Time)','Speaker',NULL,NULL,NULL),(297,'1',51,'Tue Jul 21 2020 00:14:33 GMT+0700 (Indochina Time)','Speaker',_binary '0','admin3',NULL),(298,'1',51,'Tue Jul 21 2020 00:14:33 GMT+0700 (Indochina Time)','Speaker',NULL,NULL,NULL),(299,'1',51,'Tue Jul 21 2020 00:15:49 GMT+0700 (Indochina Time)','Speaker',_binary '0','admin3',NULL),(300,'1',51,'Tue Jul 21 2020 00:15:49 GMT+0700 (Indochina Time)','Speaker',NULL,NULL,NULL),(301,'1',51,'Tue Jul 21 2020 00:15:49 GMT+0700 (Indochina Time)','Speaker',_binary '0','admin3',NULL),(302,'1',51,'Tue Jul 21 2020 00:15:49 GMT+0700 (Indochina Time)','Speaker',NULL,NULL,NULL),(303,'1',51,'Tue Jul 21 2020 00:15:49 GMT+0700 (Indochina Time)','Speaker',_binary '0','admin3',NULL),(304,'1',51,'Tue Jul 21 2020 00:15:49 GMT+0700 (Indochina Time)','Speaker',NULL,NULL,NULL),(305,'1',51,'Tue Jul 21 2020 00:15:49 GMT+0700 (Indochina Time)','Speaker',_binary '0','admin3',NULL),(306,'1',51,'Tue Jul 21 2020 00:15:49 GMT+0700 (Indochina Time)','Speaker',NULL,NULL,NULL),(307,'1',51,'Tue Jul 21 2020 00:15:49 GMT+0700 (Indochina Time)','Speaker',_binary '0','admin3',NULL),(308,'1',51,'Tue Jul 21 2020 00:15:49 GMT+0700 (Indochina Time)','Speaker',NULL,NULL,NULL),(309,'1',51,'Tue Jul 21 2020 00:15:49 GMT+0700 (Indochina Time)','Speaker',_binary '0','admin3',NULL),(310,'1',51,'Tue Jul 21 2020 00:15:49 GMT+0700 (Indochina Time)','Speaker',NULL,NULL,NULL),(311,'0',0,'Tue Jul 21 2020 00:35:27 GMT+0700 (Indochina Time)','Speaker',_binary '0','admin3',NULL),(312,'0',0,'Tue Jul 21 2020 00:35:27 GMT+0700 (Indochina Time)','Speaker',NULL,NULL,NULL),(313,'1',1,'Tue Jul 21 2020 00:36:48 GMT+0700 (Indochina Time)','Speaker',_binary '0','admin3',NULL),(314,'1',1,'Tue Jul 21 2020 00:36:48 GMT+0700 (Indochina Time)','Speaker',NULL,NULL,NULL),(315,'0',0,'Tue Jul 21 2020 00:36:48 GMT+0700 (Indochina Time)','Speaker',_binary '0','admin3',NULL),(316,'0',0,'Tue Jul 21 2020 00:36:48 GMT+0700 (Indochina Time)','Speaker',NULL,NULL,NULL),(317,'1',1,'Tue Jul 21 2020 00:36:48 GMT+0700 (Indochina Time)','Speaker',_binary '0','admin3',NULL),(318,'1',1,'Tue Jul 21 2020 00:36:48 GMT+0700 (Indochina Time)','Speaker',NULL,NULL,NULL),(319,'0',0,'Tue Jul 21 2020 00:36:48 GMT+0700 (Indochina Time)','Speaker',_binary '0','admin3',NULL),(320,'0',0,'Tue Jul 21 2020 00:36:48 GMT+0700 (Indochina Time)','Speaker',NULL,NULL,NULL),(321,'1',1,'Tue Jul 21 2020 00:36:48 GMT+0700 (Indochina Time)','Speaker',_binary '0','admin3',NULL),(322,'1',1,'Tue Jul 21 2020 00:36:48 GMT+0700 (Indochina Time)','Speaker',NULL,NULL,NULL),(323,'0',0,'Tue Jul 21 2020 00:36:48 GMT+0700 (Indochina Time)','Speaker',_binary '0','admin3',NULL),(324,'0',0,'Tue Jul 21 2020 00:36:48 GMT+0700 (Indochina Time)','Speaker',NULL,NULL,NULL),(325,'1',1,'Tue Jul 21 2020 00:36:48 GMT+0700 (Indochina Time)','Speaker',_binary '0','admin3',NULL),(326,'1',1,'Tue Jul 21 2020 00:36:48 GMT+0700 (Indochina Time)','Speaker',NULL,NULL,NULL),(327,'1',47,'Tue Jul 21 2020 00:36:48 GMT+0700 (Indochina Time)','Speaker',_binary '0','admin3',NULL),(328,'1',47,'Tue Jul 21 2020 00:36:48 GMT+0700 (Indochina Time)','Speaker',NULL,NULL,NULL),(329,'0',0,'Tue Jul 21 2020 00:36:48 GMT+0700 (Indochina Time)','Speaker',_binary '0','admin3',NULL),(330,'0',0,'Tue Jul 21 2020 00:36:48 GMT+0700 (Indochina Time)','Speaker',NULL,NULL,NULL),(331,'1',1,'Tue Jul 21 2020 00:36:48 GMT+0700 (Indochina Time)','Speaker',_binary '0','admin3',NULL),(332,'1',1,'Tue Jul 21 2020 00:36:48 GMT+0700 (Indochina Time)','Speaker',NULL,NULL,NULL),(333,'0',0,'Tue Jul 21 2020 00:36:48 GMT+0700 (Indochina Time)','Speaker',_binary '0','admin3',NULL),(334,'0',0,'Tue Jul 21 2020 00:36:48 GMT+0700 (Indochina Time)','Speaker',NULL,NULL,NULL),(335,'1',1,'Tue Jul 21 2020 00:36:48 GMT+0700 (Indochina Time)','Speaker',_binary '0','admin3',NULL),(336,'1',1,'Tue Jul 21 2020 00:36:48 GMT+0700 (Indochina Time)','Speaker',NULL,NULL,NULL),(337,'0',0,'Tue Jul 21 2020 00:36:48 GMT+0700 (Indochina Time)','Speaker',_binary '0','admin3',NULL),(338,'0',0,'Tue Jul 21 2020 00:36:48 GMT+0700 (Indochina Time)','Speaker',NULL,NULL,NULL),(339,'1',1,'Tue Jul 21 2020 00:36:48 GMT+0700 (Indochina Time)','Speaker',_binary '0','admin3',NULL),(340,'1',1,'Tue Jul 21 2020 00:36:48 GMT+0700 (Indochina Time)','Speaker',NULL,NULL,NULL),(341,'0',0,'Tue Jul 21 2020 00:36:48 GMT+0700 (Indochina Time)','Speaker',_binary '0','admin3',NULL),(342,'0',0,'Tue Jul 21 2020 00:36:48 GMT+0700 (Indochina Time)','Speaker',NULL,NULL,NULL),(343,'1',1,'Tue Jul 21 2020 00:40:24 GMT+0700 (Indochina Time)','Speaker',_binary '0','admin3',NULL),(344,'1',1,'Tue Jul 21 2020 00:40:24 GMT+0700 (Indochina Time)','Speaker',NULL,NULL,NULL),(345,'1',1,'Tue Jul 21 2020 00:40:24 GMT+0700 (Indochina Time)','Speaker',_binary '0','admin3',NULL),(346,'1',1,'Tue Jul 21 2020 00:40:24 GMT+0700 (Indochina Time)','Speaker',NULL,NULL,NULL),(347,'1',1,'Tue Jul 21 2020 00:40:24 GMT+0700 (Indochina Time)','Speaker',_binary '0','admin3',NULL),(348,'1',1,'Tue Jul 21 2020 00:40:24 GMT+0700 (Indochina Time)','Speaker',NULL,NULL,NULL),(349,'0',0,'Tue Jul 21 2020 00:40:24 GMT+0700 (Indochina Time)','Speaker',_binary '0','admin3',NULL),(350,'0',0,'Tue Jul 21 2020 00:40:24 GMT+0700 (Indochina Time)','Speaker',NULL,NULL,NULL),(351,'0',0,'Tue Jul 21 2020 00:40:24 GMT+0700 (Indochina Time)','Speaker',_binary '0','admin3',NULL),(352,'0',0,'Tue Jul 21 2020 00:40:24 GMT+0700 (Indochina Time)','Speaker',NULL,NULL,NULL),(353,'1',1,'Tue Jul 21 2020 00:40:24 GMT+0700 (Indochina Time)','Speaker',_binary '0','admin3',NULL),(354,'1',1,'Tue Jul 21 2020 00:40:24 GMT+0700 (Indochina Time)','Speaker',NULL,NULL,NULL),(355,'0',0,'Tue Jul 21 2020 00:40:24 GMT+0700 (Indochina Time)','Speaker',_binary '0','admin3',NULL),(356,'0',0,'Tue Jul 21 2020 00:40:24 GMT+0700 (Indochina Time)','Speaker',NULL,NULL,NULL),(357,'1',1,'Tue Jul 21 2020 00:40:24 GMT+0700 (Indochina Time)','Speaker',_binary '0','admin3',NULL),(358,'1',1,'Tue Jul 21 2020 00:40:24 GMT+0700 (Indochina Time)','Speaker',NULL,NULL,NULL),(359,'0',0,'Tue Jul 21 2020 00:40:24 GMT+0700 (Indochina Time)','Speaker',_binary '0','admin3',NULL),(360,'0',0,'Tue Jul 21 2020 00:40:24 GMT+0700 (Indochina Time)','Speaker',NULL,NULL,NULL),(361,'1',1,'Tue Jul 21 2020 00:40:24 GMT+0700 (Indochina Time)','Speaker',_binary '0','admin3',NULL),(362,'1',1,'Tue Jul 21 2020 00:40:24 GMT+0700 (Indochina Time)','Speaker',NULL,NULL,NULL),(363,'0',0,'Tue Jul 21 2020 00:40:24 GMT+0700 (Indochina Time)','Speaker',_binary '0','admin3',NULL),(364,'0',0,'Tue Jul 21 2020 00:40:24 GMT+0700 (Indochina Time)','Speaker',NULL,NULL,NULL),(365,'1',1,'Tue Jul 21 2020 00:40:24 GMT+0700 (Indochina Time)','Speaker',_binary '0','admin3',NULL),(366,'1',1,'Tue Jul 21 2020 00:51:08 GMT+0700 (Indochina Time)','Speaker',_binary '0','admin3',NULL),(367,'1',1,'Tue Jul 21 2020 00:51:39 GMT+0700 (Indochina Time)','Speaker',_binary '0','admin3',NULL),(368,'1',1,'Tue Jul 21 2020 00:52:19 GMT+0700 (Indochina Time)','Speaker',_binary '0','admin3',NULL),(369,'1',1,'Tue Jul 21 2020 00:53:28 GMT+0700 (Indochina Time)','Speaker',_binary '0','admin3',NULL),(370,'1',1,'Tue Jul 21 2020 00:53:28 GMT+0700 (Indochina Time)','Speaker',NULL,NULL,NULL),(371,'0',0,'Tue Jul 21 2020 00:53:28 GMT+0700 (Indochina Time)','Speaker',_binary '0','admin3',NULL),(372,'0',0,'Tue Jul 21 2020 00:53:28 GMT+0700 (Indochina Time)','Speaker',NULL,NULL,NULL),(373,'1',1,'Tue Jul 21 2020 00:53:28 GMT+0700 (Indochina Time)','Speaker',_binary '0','admin3',NULL),(374,'1',1,'Tue Jul 21 2020 00:53:28 GMT+0700 (Indochina Time)','Speaker',NULL,NULL,NULL),(375,'1',43,'Tue Jul 21 2020 00:53:28 GMT+0700 (Indochina Time)','Speaker',_binary '0','admin3',NULL),(376,'1',43,'Tue Jul 21 2020 00:53:28 GMT+0700 (Indochina Time)','Speaker',NULL,NULL,NULL),(377,'1',43,'Tue Jul 21 2020 00:53:28 GMT+0700 (Indochina Time)','Speaker',_binary '0','admin3',NULL),(378,'1',43,'Tue Jul 21 2020 00:53:28 GMT+0700 (Indochina Time)','Speaker',NULL,NULL,NULL),(379,'0',0,'Tue Jul 21 2020 00:53:28 GMT+0700 (Indochina Time)','Speaker',_binary '0','admin3',NULL),(380,'0',0,'Tue Jul 21 2020 00:53:28 GMT+0700 (Indochina Time)','Speaker',NULL,NULL,NULL),(381,'0',0,'Tue Jul 21 2020 00:53:28 GMT+0700 (Indochina Time)','Speaker',_binary '0','admin3',NULL),(382,'0',0,'Tue Jul 21 2020 00:53:28 GMT+0700 (Indochina Time)','Speaker',NULL,NULL,NULL),(383,'1',1,'Tue Jul 21 2020 00:53:28 GMT+0700 (Indochina Time)','Speaker',_binary '0','admin3',NULL),(384,'1',1,'Tue Jul 21 2020 00:53:28 GMT+0700 (Indochina Time)','Speaker',NULL,NULL,NULL),(385,'1',1,'Tue Jul 21 2020 00:53:28 GMT+0700 (Indochina Time)','Speaker',_binary '0','admin3',NULL),(386,'1',1,'Tue Jul 21 2020 00:53:28 GMT+0700 (Indochina Time)','Speaker',NULL,NULL,NULL),(387,'1',78,'Tue Jul 21 2020 00:53:28 GMT+0700 (Indochina Time)','Speaker',_binary '0','admin3',NULL),(388,'1',78,'Tue Jul 21 2020 00:53:28 GMT+0700 (Indochina Time)','Speaker',NULL,NULL,NULL),(389,'1',75,'Tue Jul 21 2020 00:53:28 GMT+0700 (Indochina Time)','Speaker',_binary '0','admin3',NULL),(390,'1',75,'Tue Jul 21 2020 00:53:28 GMT+0700 (Indochina Time)','Speaker',NULL,NULL,NULL),(391,'0',0,'Tue Jul 21 2020 00:53:28 GMT+0700 (Indochina Time)','Speaker',_binary '0','admin3',NULL),(392,'0',0,'Tue Jul 21 2020 00:53:28 GMT+0700 (Indochina Time)','Speaker',NULL,NULL,NULL),(393,'1',46,'Tue Jul 21 2020 00:53:28 GMT+0700 (Indochina Time)','Speaker',_binary '0','admin3',NULL),(394,'1',46,'Tue Jul 21 2020 00:53:28 GMT+0700 (Indochina Time)','Speaker',NULL,NULL,NULL),(395,'0',0,'Tue Jul 21 2020 00:53:28 GMT+0700 (Indochina Time)','Speaker',_binary '0','admin3',NULL),(396,'0',0,'Tue Jul 21 2020 00:53:28 GMT+0700 (Indochina Time)','Speaker',NULL,NULL,NULL),(397,'1',46,'Tue Jul 21 2020 00:53:28 GMT+0700 (Indochina Time)','Speaker',_binary '0','admin3',NULL),(398,'1',46,'Tue Jul 21 2020 00:53:28 GMT+0700 (Indochina Time)','Speaker',NULL,NULL,NULL),(399,'1',46,'Tue Jul 21 2020 00:53:28 GMT+0700 (Indochina Time)','Speaker',_binary '0','admin3',NULL),(400,'1',46,'Tue Jul 21 2020 00:53:28 GMT+0700 (Indochina Time)','Speaker',NULL,NULL,NULL),(401,'1',24,'Tue Jul 21 2020 00:53:28 GMT+0700 (Indochina Time)','Speaker',_binary '0','admin3',NULL),(402,'1',24,'Tue Jul 21 2020 00:53:28 GMT+0700 (Indochina Time)','Speaker',NULL,NULL,NULL),(403,'0',0,'Tue Jul 21 2020 00:53:28 GMT+0700 (Indochina Time)','Speaker',_binary '0','admin3',NULL),(404,'0',0,'Tue Jul 21 2020 00:53:28 GMT+0700 (Indochina Time)','Speaker',NULL,NULL,NULL),(405,'1',38,'Tue Jul 21 2020 00:53:28 GMT+0700 (Indochina Time)','Speaker',_binary '0','admin3',NULL),(406,'1',38,'Tue Jul 21 2020 00:53:28 GMT+0700 (Indochina Time)','Speaker',NULL,NULL,NULL),(407,'1',83,'Tue Jul 21 2020 00:53:28 GMT+0700 (Indochina Time)','Speaker',_binary '0','admin3',NULL),(408,'1',83,'Tue Jul 21 2020 00:53:28 GMT+0700 (Indochina Time)','Speaker',NULL,NULL,NULL),(409,'1',34,'Tue Jul 21 2020 00:53:28 GMT+0700 (Indochina Time)','Speaker',_binary '0','admin3',NULL),(410,'1',34,'Tue Jul 21 2020 00:53:28 GMT+0700 (Indochina Time)','Speaker',NULL,NULL,NULL),(411,'1',71,'Tue Jul 21 2020 00:53:28 GMT+0700 (Indochina Time)','Speaker',_binary '0','admin3',NULL),(412,'1',71,'Tue Jul 21 2020 00:53:28 GMT+0700 (Indochina Time)','Speaker',NULL,NULL,NULL),(413,'1',14,'Tue Jul 21 2020 00:53:28 GMT+0700 (Indochina Time)','Speaker',_binary '0','admin3',NULL),(414,'1',14,'Tue Jul 21 2020 00:53:28 GMT+0700 (Indochina Time)','Speaker',NULL,NULL,NULL),(415,'1',35,'Tue Jul 21 2020 00:53:28 GMT+0700 (Indochina Time)','Speaker',_binary '0','admin3',NULL),(416,'1',35,'Tue Jul 21 2020 00:53:28 GMT+0700 (Indochina Time)','Speaker',NULL,NULL,NULL),(417,'0',0,'Tue Jul 21 2020 00:53:28 GMT+0700 (Indochina Time)','Speaker',_binary '0','admin3',NULL),(418,'0',0,'Tue Jul 21 2020 00:53:28 GMT+0700 (Indochina Time)','Speaker',NULL,NULL,NULL),(419,'1',35,'Tue Jul 21 2020 00:53:28 GMT+0700 (Indochina Time)','Speaker',_binary '0','admin3',NULL),(420,'1',35,'Tue Jul 21 2020 00:53:28 GMT+0700 (Indochina Time)','Speaker',NULL,NULL,NULL),(421,'0',0,'Tue Jul 21 2020 01:05:50 GMT+0700 (Indochina Time)','Speaker',_binary '0','admin3',NULL),(422,'0',0,'Tue Jul 21 2020 01:05:50 GMT+0700 (Indochina Time)','Speaker',NULL,NULL,NULL),(423,'1',35,'Tue Jul 21 2020 01:05:50 GMT+0700 (Indochina Time)','Speaker',_binary '0','admin3',NULL),(424,'1',35,'Tue Jul 21 2020 01:05:50 GMT+0700 (Indochina Time)','Speaker',NULL,NULL,NULL),(425,'0',0,'Tue Jul 21 2020 01:09:14 GMT+0700 (Indochina Time)','Speaker',_binary '0','admin3',NULL),(426,'0',0,'Tue Jul 21 2020 01:09:14 GMT+0700 (Indochina Time)','Speaker',NULL,NULL,NULL),(427,'1',35,'Tue Jul 21 2020 01:09:14 GMT+0700 (Indochina Time)','Speaker',_binary '0','admin3',NULL),(428,'1',35,'Tue Jul 21 2020 01:09:14 GMT+0700 (Indochina Time)','Speaker',NULL,NULL,NULL),(429,'0',0,'Tue Jul 21 2020 01:09:14 GMT+0700 (Indochina Time)','Speaker',_binary '0','admin3',NULL),(430,'0',0,'Tue Jul 21 2020 01:09:14 GMT+0700 (Indochina Time)','Speaker',NULL,NULL,NULL),(431,'1',59,'Tue Jul 21 2020 01:09:14 GMT+0700 (Indochina Time)','Speaker',_binary '0','admin3',NULL),(432,'1',59,'Tue Jul 21 2020 01:09:14 GMT+0700 (Indochina Time)','Speaker',NULL,NULL,NULL),(433,'0',0,'Tue Jul 21 2020 01:09:14 GMT+0700 (Indochina Time)','Speaker',_binary '0','admin3',NULL),(434,'0',0,'Tue Jul 21 2020 01:09:14 GMT+0700 (Indochina Time)','Speaker',NULL,NULL,NULL),(435,'0',0,'Tue Jul 21 2020 01:09:14 GMT+0700 (Indochina Time)','Speaker',_binary '0','admin3',NULL),(436,'0',0,'Tue Jul 21 2020 01:09:14 GMT+0700 (Indochina Time)','Speaker',NULL,NULL,NULL),(437,'1',1,'Tue Jul 21 2020 01:09:14 GMT+0700 (Indochina Time)','Speaker',_binary '0','admin3',NULL),(438,'1',1,'Tue Jul 21 2020 01:09:14 GMT+0700 (Indochina Time)','Speaker',NULL,NULL,NULL),(439,'0',0,'Tue Jul 21 2020 01:09:14 GMT+0700 (Indochina Time)','Speaker',_binary '0','admin3',NULL),(440,'0',0,'Tue Jul 21 2020 01:09:14 GMT+0700 (Indochina Time)','Speaker',NULL,NULL,NULL),(441,'1',1,'Tue Jul 21 2020 01:09:14 GMT+0700 (Indochina Time)','Speaker',_binary '0','admin3',NULL),(442,'1',1,'Tue Jul 21 2020 01:09:14 GMT+0700 (Indochina Time)','Speaker',NULL,NULL,NULL),(443,'1',1,'Tue Jul 21 2020 01:09:14 GMT+0700 (Indochina Time)','Speaker',_binary '0','admin3',NULL),(444,'1',1,'Tue Jul 21 2020 01:09:14 GMT+0700 (Indochina Time)','Speaker',NULL,NULL,NULL),(445,'1',31,'Tue Jul 21 2020 01:09:14 GMT+0700 (Indochina Time)','Speaker',_binary '0','admin3',NULL),(446,'1',31,'Tue Jul 21 2020 01:09:14 GMT+0700 (Indochina Time)','Speaker',NULL,NULL,NULL),(447,'0',0,'Tue Jul 21 2020 01:09:14 GMT+0700 (Indochina Time)','Speaker',_binary '0','admin3',NULL),(448,'0',0,'Tue Jul 21 2020 01:09:14 GMT+0700 (Indochina Time)','Speaker',NULL,NULL,NULL),(449,'1',65,'Tue Jul 21 2020 01:09:14 GMT+0700 (Indochina Time)','Speaker',_binary '0','admin3',NULL),(450,'1',65,'Tue Jul 21 2020 01:09:14 GMT+0700 (Indochina Time)','Speaker',NULL,NULL,NULL),(451,'1',75,'Tue Jul 21 2020 01:09:14 GMT+0700 (Indochina Time)','Speaker',_binary '0','admin3',NULL),(452,'1',75,'Tue Jul 21 2020 01:09:14 GMT+0700 (Indochina Time)','Speaker',NULL,NULL,NULL),(453,'0',0,'Tue Jul 21 2020 01:09:14 GMT+0700 (Indochina Time)','Speaker',_binary '0','admin3',NULL),(454,'0',0,'Tue Jul 21 2020 01:09:14 GMT+0700 (Indochina Time)','Speaker',NULL,NULL,NULL),(455,'1',47,'Tue Jul 21 2020 01:09:14 GMT+0700 (Indochina Time)','Speaker',_binary '0','admin3',NULL),(456,'1',47,'Tue Jul 21 2020 01:09:14 GMT+0700 (Indochina Time)','Speaker',NULL,NULL,NULL),(457,'0',0,'Tue Jul 21 2020 01:09:14 GMT+0700 (Indochina Time)','Speaker',_binary '0','admin3',NULL),(458,'0',0,'Tue Jul 21 2020 01:09:14 GMT+0700 (Indochina Time)','Speaker',NULL,NULL,NULL),(459,'1',53,'Tue Jul 21 2020 01:09:14 GMT+0700 (Indochina Time)','Speaker',_binary '0','admin3',NULL),(460,'1',53,'Tue Jul 21 2020 01:09:14 GMT+0700 (Indochina Time)','Speaker',NULL,NULL,NULL),(461,'1',53,'Tue Jul 21 2020 01:28:02 GMT+0700 (Indochina Time)','Speaker',_binary '0','admin3',NULL),(462,'1',53,'Tue Jul 21 2020 01:28:02 GMT+0700 (Indochina Time)','Speaker',NULL,NULL,NULL),(463,'0',0,'Tue Jul 21 2020 01:28:02 GMT+0700 (Indochina Time)','Speaker',_binary '0','admin3',NULL),(464,'0',0,'Tue Jul 21 2020 01:28:02 GMT+0700 (Indochina Time)','Speaker',NULL,NULL,NULL),(465,'1',52,'Tue Jul 21 2020 01:33:52 GMT+0700 (Indochina Time)','Speaker',_binary '0','admin3',NULL),(466,'1',52,'Tue Jul 21 2020 01:33:52 GMT+0700 (Indochina Time)','Speaker',NULL,NULL,NULL),(467,'0',0,'Tue Jul 21 2020 01:33:52 GMT+0700 (Indochina Time)','Speaker',_binary '0','admin3',NULL),(468,'0',0,'Tue Jul 21 2020 01:33:52 GMT+0700 (Indochina Time)','Speaker',NULL,NULL,NULL),(469,'1',1,'Tue Jul 21 2020 01:33:52 GMT+0700 (Indochina Time)','Speaker',_binary '0','admin3',NULL),(470,'1',1,'Tue Jul 21 2020 01:33:52 GMT+0700 (Indochina Time)','Speaker',NULL,NULL,NULL),(471,'0',0,'Tue Jul 21 2020 01:33:52 GMT+0700 (Indochina Time)','Speaker',_binary '0','admin3',NULL),(472,'0',0,'Tue Jul 21 2020 01:33:52 GMT+0700 (Indochina Time)','Speaker',NULL,NULL,NULL),(473,'1',1,'Tue Jul 21 2020 01:33:52 GMT+0700 (Indochina Time)','Speaker',_binary '0','admin3',NULL),(474,'1',1,'Tue Jul 21 2020 01:33:52 GMT+0700 (Indochina Time)','Speaker',NULL,NULL,NULL),(475,'0',0,'Tue Jul 21 2020 01:33:52 GMT+0700 (Indochina Time)','Speaker',_binary '0','admin3',NULL),(476,'0',0,'Tue Jul 21 2020 01:33:52 GMT+0700 (Indochina Time)','Speaker',NULL,NULL,NULL),(477,'1',1,'Tue Jul 21 2020 01:33:52 GMT+0700 (Indochina Time)','Speaker',_binary '0','admin3',NULL),(478,'1',1,'Tue Jul 21 2020 01:33:52 GMT+0700 (Indochina Time)','Speaker',NULL,NULL,NULL),(479,'0',0,'Tue Jul 21 2020 01:33:52 GMT+0700 (Indochina Time)','Speaker',_binary '0','admin3',NULL),(480,'0',0,'Tue Jul 21 2020 01:33:52 GMT+0700 (Indochina Time)','Speaker',NULL,NULL,NULL),(481,'1',23,'Tue Jul 21 2020 01:33:52 GMT+0700 (Indochina Time)','Speaker',_binary '0','admin3',NULL),(482,'1',23,'Tue Jul 21 2020 01:33:52 GMT+0700 (Indochina Time)','Speaker',NULL,NULL,NULL),(483,'1',23,'Tue Jul 21 2020 12:23:54 GMT+0700 (Indochina Time)','Speaker',_binary '0','admin3',NULL),(484,'1',23,'Tue Jul 21 2020 12:23:54 GMT+0700 (Indochina Time)','Speaker',NULL,NULL,NULL),(485,'0',0,'Tue Jul 21 2020 12:23:54 GMT+0700 (Indochina Time)','Speaker',_binary '0','admin3',NULL),(486,'0',0,'Tue Jul 21 2020 12:23:54 GMT+0700 (Indochina Time)','Speaker',NULL,NULL,NULL),(487,'1',1,'Tue Jul 21 2020 12:23:54 GMT+0700 (Indochina Time)','Speaker',_binary '0','admin3',NULL),(488,'1',1,'Tue Jul 21 2020 12:23:54 GMT+0700 (Indochina Time)','Speaker',NULL,NULL,NULL),(489,'1',45,'Tue Jul 21 2020 12:23:54 GMT+0700 (Indochina Time)','Speaker',_binary '0','admin3',NULL),(490,'1',45,'Tue Jul 21 2020 12:23:54 GMT+0700 (Indochina Time)','Speaker',NULL,NULL,NULL),(491,'0',0,'Tue Jul 21 2020 12:23:54 GMT+0700 (Indochina Time)','Speaker',_binary '0','admin3',NULL),(492,'0',0,'Tue Jul 21 2020 12:23:54 GMT+0700 (Indochina Time)','Speaker',NULL,NULL,NULL),(493,'1',61,'Tue Jul 21 2020 12:23:54 GMT+0700 (Indochina Time)','Speaker',_binary '0','admin3',NULL),(494,'1',61,'Tue Jul 21 2020 12:23:54 GMT+0700 (Indochina Time)','Speaker',NULL,NULL,NULL),(495,'1',80,'Tue Jul 21 2020 12:29:12 GMT+0700 (Indochina Time)','Speaker',NULL,NULL,NULL),(496,'1',80,'Tue Jul 21 2020 12:29:12 GMT+0700 (Indochina Time)','Speaker',_binary '0','admin3',NULL),(497,'1',80,'Tue Jul 21 2020 12:29:12 GMT+0700 (Indochina Time)','Speaker',NULL,NULL,NULL),(498,'1',80,'Tue Jul 21 2020 12:32:36 GMT+0700 (Indochina Time)','Speaker',NULL,NULL,NULL),(499,'1',80,'Tue Jul 21 2020 12:33:00 GMT+0700 (Indochina Time)','Speaker',NULL,NULL,NULL),(500,'1',80,'Tue Jul 21 2020 12:34:33 GMT+0700 (Indochina Time)','Speaker',NULL,NULL,NULL),(501,'1',80,'Tue Jul 21 2020 13:08:28 GMT+0700 (Indochina Time)','Speaker',NULL,NULL,NULL),(502,'0',0,'Tue Jul 21 2020 13:08:28 GMT+0700 (Indochina Time)','Speaker',_binary '0','admin3',NULL),(503,'0',0,'Tue Jul 21 2020 13:08:28 GMT+0700 (Indochina Time)','Speaker',NULL,NULL,NULL),(504,'1',1,'Tue Jul 21 2020 13:08:28 GMT+0700 (Indochina Time)','Speaker',_binary '0','admin3',NULL),(505,'1',1,'Tue Jul 21 2020 13:08:28 GMT+0700 (Indochina Time)','Speaker',NULL,NULL,NULL),(506,'1',49,'Tue Jul 21 2020 13:08:54 GMT+0700 (Indochina Time)','Speaker',_binary '0','admin3',NULL),(507,'1',49,'Tue Jul 21 2020 13:08:54 GMT+0700 (Indochina Time)','Speaker',NULL,NULL,NULL),(508,'0',0,'Tue Jul 21 2020 13:08:54 GMT+0700 (Indochina Time)','Speaker',_binary '0','admin3',NULL),(509,'0',0,'Tue Jul 21 2020 13:08:54 GMT+0700 (Indochina Time)','Speaker',NULL,NULL,NULL),(510,'1',75,'Tue Jul 21 2020 13:08:54 GMT+0700 (Indochina Time)','Speaker',_binary '0','admin3',NULL),(511,'1',75,'Tue Jul 21 2020 13:08:54 GMT+0700 (Indochina Time)','Speaker',NULL,NULL,NULL),(512,'0',0,'Tue Jul 21 2020 13:08:54 GMT+0700 (Indochina Time)','Speaker',_binary '0','admin3',NULL),(513,'0',0,'Tue Jul 21 2020 13:08:54 GMT+0700 (Indochina Time)','Speaker',NULL,NULL,NULL),(514,'1',1,'Tue Jul 21 2020 13:08:54 GMT+0700 (Indochina Time)','Speaker',_binary '0','admin3',NULL),(515,'1',1,'Tue Jul 21 2020 13:08:54 GMT+0700 (Indochina Time)','Speaker',NULL,NULL,NULL),(516,'1',52,'Tue Jul 21 2020 13:08:54 GMT+0700 (Indochina Time)','Speaker',_binary '0','admin3',NULL),(517,'1',52,'Tue Jul 21 2020 13:08:54 GMT+0700 (Indochina Time)','Speaker',NULL,NULL,NULL),(518,'1',80,'Tue Jul 21 2020 13:17:04 GMT+0700 (Indochina Time)','Speaker',NULL,NULL,NULL),(519,'1',80,'Tue Jul 21 2020 13:17:11 GMT+0700 (Indochina Time)','Speaker',NULL,NULL,NULL),(520,'1',80,'Tue Jul 21 2020 13:17:15 GMT+0700 (Indochina Time)','Speaker',NULL,NULL,NULL),(521,'1',48,'Tue Jul 21 2020 13:17:15 GMT+0700 (Indochina Time)','Speaker',_binary '0','admin3',NULL),(522,'1',48,'Tue Jul 21 2020 13:17:15 GMT+0700 (Indochina Time)','Speaker',NULL,NULL,NULL),(523,'1',80,'Tue Jul 21 2020 13:19:59 GMT+0700 (Indochina Time)','Speaker',NULL,NULL,NULL),(524,'1',80,'Tue Jul 21 2020 13:19:59 GMT+0700 (Indochina Time)','Speaker',NULL,NULL,NULL),(525,'1',80,'Tue Jul 21 2020 13:19:59 GMT+0700 (Indochina Time)','Speaker',NULL,NULL,NULL),(526,'1',80,'Tue Jul 21 2020 13:19:59 GMT+0700 (Indochina Time)','Speaker',NULL,NULL,NULL),(527,'1',80,'Tue Jul 21 2020 13:24:25 GMT+0700 (Indochina Time)','Speaker',NULL,NULL,NULL),(528,'1',80,'Tue Jul 21 2020 13:24:36 GMT+0700 (Indochina Time)','Speaker',NULL,NULL,NULL),(529,'0',80,'Tue Jul 21 2020 13:24:36 GMT+0700 (Indochina Time)','Speaker',NULL,NULL,NULL),(530,'0',80,'Tue Jul 21 2020 13:24:36 GMT+0700 (Indochina Time)','Speaker',NULL,NULL,NULL),(531,'1',80,'Tue Jul 21 2020 13:24:36 GMT+0700 (Indochina Time)','Speaker',NULL,NULL,NULL),(532,'1',80,'Tue Jul 21 2020 13:24:36 GMT+0700 (Indochina Time)','Speaker',NULL,NULL,NULL),(533,'0',80,'Tue Jul 21 2020 13:24:36 GMT+0700 (Indochina Time)','Speaker',NULL,NULL,NULL),(534,'0',80,'Tue Jul 21 2020 13:24:36 GMT+0700 (Indochina Time)','Speaker',NULL,NULL,NULL),(535,'1',80,'Tue Jul 21 2020 13:27:11 GMT+0700 (Indochina Time)','Speaker',NULL,NULL,NULL),(536,'0',80,'Tue Jul 21 2020 13:27:11 GMT+0700 (Indochina Time)','Speaker',NULL,NULL,NULL),(537,'0',0,'Tue Jul 21 2020 13:27:11 GMT+0700 (Indochina Time)','Speaker',NULL,NULL,NULL),(538,'1',48,'Tue Jul 21 2020 13:27:11 GMT+0700 (Indochina Time)','Speaker',_binary '0','admin3',NULL),(539,'1',48,'Tue Jul 21 2020 13:27:11 GMT+0700 (Indochina Time)','Speaker',NULL,NULL,NULL),(540,'1',28,'Tue Jul 21 2020 13:27:11 GMT+0700 (Indochina Time)','Speaker',_binary '0','admin3',NULL),(541,'1',28,'Tue Jul 21 2020 13:27:11 GMT+0700 (Indochina Time)','Speaker',NULL,NULL,NULL),(542,'0',0,'Tue Jul 21 2020 13:27:11 GMT+0700 (Indochina Time)','Speaker',_binary '0','admin3',NULL),(543,'0',0,'Tue Jul 21 2020 13:27:11 GMT+0700 (Indochina Time)','Speaker',NULL,NULL,NULL),(544,'1',1,'Tue Jul 21 2020 13:27:11 GMT+0700 (Indochina Time)','Speaker',_binary '0','admin3',NULL),(545,'1',1,'Tue Jul 21 2020 13:27:11 GMT+0700 (Indochina Time)','Speaker',NULL,NULL,NULL),(546,'1',80,'Tue Jul 21 2020 13:36:57 GMT+0700 (Indochina Time)','Speaker',NULL,NULL,NULL),(547,'1',80,'Tue Jul 21 2020 13:40:21 GMT+0700 (Indochina Time)','Speaker',NULL,NULL,NULL),(548,'1',80,'Tue Jul 21 2020 13:40:24 GMT+0700 (Indochina Time)','Speaker',NULL,NULL,NULL),(549,'0',0,'Tue Jul 21 2020 13:40:24 GMT+0700 (Indochina Time)','Speaker',NULL,NULL,NULL),(550,'1',36,'Tue Jul 21 2020 13:40:24 GMT+0700 (Indochina Time)','Speaker',_binary '0','admin3',NULL),(551,'1',36,'Tue Jul 21 2020 13:40:24 GMT+0700 (Indochina Time)','Speaker',NULL,NULL,NULL),(552,'0',0,'Tue Jul 21 2020 13:45:21 GMT+0700 (Indochina Time)','Speaker',_binary '0','admin3',NULL),(553,'0',0,'Tue Jul 21 2020 13:45:21 GMT+0700 (Indochina Time)','Speaker',NULL,NULL,NULL),(554,'1',47,'Tue Jul 21 2020 13:45:21 GMT+0700 (Indochina Time)','Speaker',_binary '0','admin3',NULL),(555,'1',47,'Tue Jul 21 2020 13:45:21 GMT+0700 (Indochina Time)','Speaker',NULL,NULL,NULL),(556,'1',80,'Tue Jul 21 2020 13:48:27 GMT+0700 (Indochina Time)','Speaker',NULL,NULL,NULL),(557,'1',80,'Tue Jul 21 2020 13:50:38 GMT+0700 (Indochina Time)','Speaker',NULL,NULL,NULL),(558,'1',47,'Tue Jul 21 2020 13:50:38 GMT+0700 (Indochina Time)','Speaker',_binary '0','admin3',NULL),(559,'1',47,'Tue Jul 21 2020 13:50:38 GMT+0700 (Indochina Time)','Speaker',NULL,NULL,NULL),(560,'0',0,'Tue Jul 21 2020 14:04:56 GMT+0700 (Indochina Time)','Speaker',_binary '1',NULL,'159'),(561,'0',0,'Tue Jul 21 2020 14:04:56 GMT+0700 (Indochina Time)','Speaker',NULL,NULL,NULL),(562,'1',47,'Tue Jul 21 2020 14:12:12 GMT+0700 (Indochina Time)','Speaker',_binary '1',NULL,'159'),(563,'1',47,'Tue Jul 21 2020 14:12:12 GMT+0700 (Indochina Time)','Speaker',NULL,NULL,NULL),(564,'1',47,'Tue Jul 21 2020 14:12:12 GMT+0700 (Indochina Time)','Speaker',_binary '1',NULL,'160'),(565,'1',47,'Tue Jul 21 2020 14:12:12 GMT+0700 (Indochina Time)','Speaker',NULL,NULL,NULL),(566,'0',0,'Tue Jul 21 2020 14:12:12 GMT+0700 (Indochina Time)','Speaker',_binary '0','admin3',NULL),(567,'0',0,'Tue Jul 21 2020 14:12:12 GMT+0700 (Indochina Time)','Speaker',NULL,NULL,NULL),(568,'1',47,'Tue Jul 21 2020 14:12:12 GMT+0700 (Indochina Time)','Speaker',_binary '1',NULL,'162'),(569,'1',47,'Tue Jul 21 2020 14:12:12 GMT+0700 (Indochina Time)','Speaker',NULL,NULL,NULL),(570,'0',0,'Tue Jul 21 2020 14:12:12 GMT+0700 (Indochina Time)','Speaker',_binary '1',NULL,'162'),(571,'0',0,'Tue Jul 21 2020 14:12:12 GMT+0700 (Indochina Time)','Speaker',NULL,NULL,NULL),(572,'1',47,'Tue Jul 21 2020 14:12:12 GMT+0700 (Indochina Time)','Speaker',_binary '1',NULL,'162'),(573,'1',47,'Tue Jul 21 2020 14:12:12 GMT+0700 (Indochina Time)','Speaker',NULL,NULL,NULL),(574,'0',0,'Tue Jul 21 2020 14:12:12 GMT+0700 (Indochina Time)','Speaker',_binary '1',NULL,'162'),(575,'0',0,'Tue Jul 21 2020 14:12:12 GMT+0700 (Indochina Time)','Speaker',NULL,NULL,NULL),(576,'1',47,'Tue Jul 21 2020 14:15:33 GMT+0700 (Indochina Time)','Speaker',_binary '1',NULL,'162'),(577,'1',47,'Tue Jul 21 2020 14:15:33 GMT+0700 (Indochina Time)','Speaker',NULL,NULL,NULL),(578,'1',47,'Tue Jul 21 2020 14:15:37 GMT+0700 (Indochina Time)','Speaker',_binary '1',NULL,'162'),(579,'1',47,'Tue Jul 21 2020 14:15:37 GMT+0700 (Indochina Time)','Speaker',NULL,NULL,NULL),(580,'1',47,'Tue Jul 21 2020 14:15:39 GMT+0700 (Indochina Time)','Speaker',NULL,NULL,NULL),(581,'1',47,'Tue Jul 21 2020 14:15:42 GMT+0700 (Indochina Time)','Speaker',_binary '1',NULL,'162'),(582,'1',47,'Tue Jul 21 2020 14:15:42 GMT+0700 (Indochina Time)','Speaker',NULL,NULL,NULL),(583,'1',47,'Tue Jul 21 2020 14:15:50 GMT+0700 (Indochina Time)','Speaker',NULL,NULL,NULL),(584,'1',47,'Tue Jul 21 2020 14:15:52 GMT+0700 (Indochina Time)','Speaker',_binary '1',NULL,'162'),(585,'1',47,'Tue Jul 21 2020 14:15:52 GMT+0700 (Indochina Time)','Speaker',NULL,NULL,NULL),(586,'1',47,'Tue Jul 21 2020 14:15:56 GMT+0700 (Indochina Time)','Speaker',_binary '1',NULL,'162'),(587,'1',47,'Tue Jul 21 2020 14:15:58 GMT+0700 (Indochina Time)','Speaker',_binary '1',NULL,'162'),(588,'1',47,'Tue Jul 21 2020 14:15:58 GMT+0700 (Indochina Time)','Speaker',NULL,NULL,NULL),(589,'0',0,'Tue Jul 21 2020 14:15:58 GMT+0700 (Indochina Time)','Speaker',_binary '1',NULL,'162'),(590,'0',0,'Tue Jul 21 2020 14:15:58 GMT+0700 (Indochina Time)','Speaker',NULL,NULL,NULL),(591,'1',1,'Tue Jul 21 2020 14:15:58 GMT+0700 (Indochina Time)','Speaker',_binary '0','admin3',NULL),(592,'1',1,'Tue Jul 21 2020 14:15:58 GMT+0700 (Indochina Time)','Speaker',NULL,NULL,NULL),(593,'0',0,'Tue Jul 21 2020 14:19:49 GMT+0700 (Indochina Time)','Speaker',_binary '0','admin3',NULL),(594,'1',1,'Tue Jul 21 2020 14:19:49 GMT+0700 (Indochina Time)','Speaker',_binary '1',NULL,'165'),(595,'0',0,'Tue Jul 21 2020 14:19:49 GMT+0700 (Indochina Time)','Speaker',_binary '0','admin3',NULL),(596,'1',54,'Tue Jul 21 2020 14:19:49 GMT+0700 (Indochina Time)','Speaker',_binary '1',NULL,'168'),(597,'1',54,'Tue Jul 21 2020 14:24:38 GMT+0700 (Indochina Time)','Speaker',_binary '1',NULL,'168'),(598,'1',70,'Tue Jul 21 2020 14:27:26 GMT+0700 (Indochina Time)','Speaker',_binary '1',NULL,'169'),(599,'1',70,'Tue Jul 21 2020 14:27:48 GMT+0700 (Indochina Time)','Speaker',_binary '1',NULL,'169'),(600,'1',70,'Tue Jul 21 2020 14:28:19 GMT+0700 (Indochina Time)','Speaker',_binary '1',NULL,'169'),(601,'1',70,'Tue Jul 21 2020 14:28:22 GMT+0700 (Indochina Time)','Speaker',_binary '1',NULL,'169'),(602,'1',70,'Tue Jul 21 2020 14:28:49 GMT+0700 (Indochina Time)','Speaker',_binary '1',NULL,'169'),(603,'1',70,'Tue Jul 21 2020 14:29:15 GMT+0700 (Indochina Time)','Speaker',_binary '1',NULL,'169'),(604,'1',70,'Tue Jul 21 2020 14:30:28 GMT+0700 (Indochina Time)','Speaker',_binary '1',NULL,'169'),(605,'1',70,'Tue Jul 21 2020 14:30:49 GMT+0700 (Indochina Time)','Speaker',_binary '1',NULL,'169'),(606,'0',0,'Tue Jul 21 2020 14:30:49 GMT+0700 (Indochina Time)','Speaker',_binary '0','admin3',NULL),(607,'1',1,'Tue Jul 21 2020 14:30:49 GMT+0700 (Indochina Time)','Speaker',_binary '0','admin3',NULL),(608,'1',52,'Tue Jul 21 2020 14:35:55 GMT+0700 (Indochina Time)','Speaker',_binary '0','admin3',NULL),(609,'0',0,'Tue Jul 21 2020 16:39:41 GMT+0700 (Indochina Time)','Speaker',_binary '1',NULL,'174'),(610,'1',45,'Tue Jul 21 2020 16:39:41 GMT+0700 (Indochina Time)','Speaker',_binary '1',NULL,'174'),(611,'0',0,'Tue Jul 21 2020 16:39:41 GMT+0700 (Indochina Time)','Speaker',_binary '1',NULL,'175'),(612,'1',68,'Tue Jul 21 2020 16:39:41 GMT+0700 (Indochina Time)','Speaker',_binary '1',NULL,'175'),(613,'1',68,'Tue Jul 21 2020 16:48:26 GMT+0700 (Indochina Time)','Speaker',_binary '1',NULL,'182'),(614,'0',0,'Tue Jul 21 2020 16:48:26 GMT+0700 (Indochina Time)','Speaker',_binary '1',NULL,'183'),(615,'1',68,'Tue Jul 21 2020 16:48:26 GMT+0700 (Indochina Time)','Speaker',_binary '1',NULL,'183'),(616,'1',41,'Tue Jul 21 2020 16:48:26 GMT+0700 (Indochina Time)','Speaker',_binary '0','admin3',NULL),(617,'0',0,'Tue Jul 21 2020 16:48:26 GMT+0700 (Indochina Time)','Speaker',_binary '0','admin3',NULL),(618,'1',1,'Tue Jul 21 2020 16:48:26 GMT+0700 (Indochina Time)','Speaker',_binary '0','admin3',NULL),(619,'1',59,'Tue Jul 21 2020 16:48:26 GMT+0700 (Indochina Time)','Speaker',_binary '0','admin3',NULL),(620,'0',0,'Tue Jul 21 2020 16:48:26 GMT+0700 (Indochina Time)','Speaker',_binary '0','admin3',NULL),(621,'1',1,'Tue Jul 21 2020 16:48:26 GMT+0700 (Indochina Time)','Speaker',_binary '0','admin3',NULL),(622,'1',66,'Tue Jul 21 2020 16:48:26 GMT+0700 (Indochina Time)','Speaker',_binary '0','admin3',NULL);
/*!40000 ALTER TABLE `Motor` ENABLE KEYS */;
UNLOCK TABLES;

--
-- Table structure for table `user`
--

DROP TABLE IF EXISTS `user`;
/*!40101 SET @saved_cs_client     = @@character_set_client */;
/*!50503 SET character_set_client = utf8mb4 */;
CREATE TABLE `user` (
  `iduser` int NOT NULL AUTO_INCREMENT,
  `username` varchar(45) NOT NULL,
  `password` varchar(45) NOT NULL,
  `role` varchar(45) NOT NULL,
  `phone` int DEFAULT NULL,
  `ngaydk` varchar(100) DEFAULT NULL,
  PRIMARY KEY (`iduser`),
  UNIQUE KEY `iduser_UNIQUE` (`iduser`),
  UNIQUE KEY `username_UNIQUE` (`username`)
) ENGINE=InnoDB AUTO_INCREMENT=20 DEFAULT CHARSET=utf8mb4 COLLATE=utf8mb4_0900_ai_ci;
/*!40101 SET character_set_client = @saved_cs_client */;

--
-- Dumping data for table `user`
--

LOCK TABLES `user` WRITE;
/*!40000 ALTER TABLE `user` DISABLE KEYS */;
INSERT INTO `user` VALUES (1,'123','d41d8cd98f00b204e9800998ecf8427e','user',789,NULL),(2,'admin','202cb962ac59075b964b07152d234b70','user',394946767,NULL),(3,'admin2','202cb962ac59075b964b07152d234b70','user',394946767,NULL),(5,'admin3','202cb962ac59075b964b07152d234b70','admin',394946767,NULL),(13,'test123','202cb962ac59075b964b07152d234b70','user',123,'Sun Jun 21 2020 11:21:04 GMT+0700 (Indochina Time)'),(16,'test456','202cb962ac59075b964b07152d234b70','user',123,'Sun Jun 21 2020 11:23:17 GMT+0700 (Indochina Time)'),(19,'test789','202cb962ac59075b964b07152d234b70','user',123,NULL);
/*!40000 ALTER TABLE `user` ENABLE KEYS */;
UNLOCK TABLES;

--
-- Dumping routines for database 'iot'
--
/*!40103 SET TIME_ZONE=@OLD_TIME_ZONE */;

/*!40101 SET SQL_MODE=@OLD_SQL_MODE */;
/*!40014 SET FOREIGN_KEY_CHECKS=@OLD_FOREIGN_KEY_CHECKS */;
/*!40014 SET UNIQUE_CHECKS=@OLD_UNIQUE_CHECKS */;
/*!40101 SET CHARACTER_SET_CLIENT=@OLD_CHARACTER_SET_CLIENT */;
/*!40101 SET CHARACTER_SET_RESULTS=@OLD_CHARACTER_SET_RESULTS */;
/*!40101 SET COLLATION_CONNECTION=@OLD_COLLATION_CONNECTION */;
/*!40111 SET SQL_NOTES=@OLD_SQL_NOTES */;

-- Dump completed on 2020-07-21 19:24:49
